CustomerID,CityTier,NumberOfDeviceRegistered,NumberOfAddress,OrderAmountHikeFromlastYear,Tenure_log,Dormancy_Shock,Recency_Tenure_Ratio,MonthlyOrderFreq,IssueIndex,Satisfaction_Per_Order,Silent_Killer,CashbackPerOrder,Promo_Sensitivity,Stagnant_Loyal,ManyAddressesFlag,PreferredLoginDevice_Mobile Phone,PreferredLoginDevice_Phone,PreferedOrderCat_Grocery,PreferedOrderCat_Laptop & Accessory,PreferedOrderCat_Mobile,PreferedOrderCat_Mobile Phone,PreferedOrderCat_Others,MaritalStatus_Married,MaritalStatus_Single,Gender_Male,Churn_Actual,Churn_Prob,Churn_Pred,RiskLevel,CustomerGrade
,3,4,3,21.0,2.8903717578961645,2.7692307692307696,0.47058823529411775,0.47058823529411775,0,0.1111111111111111,1,20.194444444444443,0.6666666666666666,0,1,0,0,0,1,0,0,0,1,0,1,0,0.0179,0,안전,Platinum
,3,4,8,18.0,3.295836866004329,0.5,0.2692307692307692,0.038461538461538464,1,0.5,0,104.66999999999999,0.0,0,1,1,0,0,0,0,0,0,1,0,0,0,1e-04,0,안전,Platinum
,1,4,3,24.0,1.791759469228055,3.3749999999999996,1.8,0.4,0,0.3333333333333333,1,56.413333333333334,0.6666666666666666,0,1,1,0,0,1,0,0,0,0,1,0,0,0.0005,0,안전,Platinum
,1,4,8,15.0,3.258096538021482,0.21428571428571427,0.07999999999999999,0.07999999999999999,0,0.6666666666666666,1,44.04,0.0,0,1,0,1,0,0,1,0,0,0,1,0,0,0.0002,0,안전,Platinum
,3,3,2,19.0,1.6094379124341003,4.285714285714286,1.5000000000000004,2.2500000000000004,1,0.3,0,19.852,0.8,0,0,0,0,0,0,0,0,0,1,0,0,0,0.2358,0,관심,Gold
,3,4,5,14.0,3.2188758248682006,0.7777777777777778,0.2916666666666667,0.08333333333333334,0,0.3333333333333333,1,80.0,0.6666666666666666,0,1,1,0,0,0,0,0,1,1,0,0,0,0.0005,0,안전,Platinum
,3,5,5,19.0,2.5649493574615367,2.5714285714285716,0.5,0.6666666666666666,0,0.2222222222222222,1,19.721111111111114,0.7777777777777778,0,1,0,0,0,1,0,0,0,0,0,1,0,0.0574,0,안전,Platinum
C0884,1,4,5,15.0,2.995732273553991,0.40909090909090917,0.15789473684210528,0.10526315789473686,0,0.6666666666666666,1,49.23333333333333,0.3333333333333333,0,1,0,1,0,0,0,1,0,1,0,0,0,0.0037,0,안전,Platinum
,1,4,3,13.0,1.791759469228055,0.7499999999999999,0.4,0.4,1,1.6666666666666667,0,64.44333333333334,0.3333333333333333,0,1,1,0,0,1,0,0,0,0,0,1,0,0.0413,0,안전,Platinum
,1,3,2,11.0,3.044522437723423,0.0,0.0,0.15,1,0.5,0,60.0,0.25,0,0,1,0,1,0,0,0,0,0,0,0,0,0.014,0,안전,Platinum
C0292,1,1,6,12.0,2.833213344056216,0.2222222222222222,0.125,0.0625,0,2.0,0,74.38,0.5,0,1,0,1,0,0,0,1,0,1,0,1,0,0.0009,0,안전,Platinum
,1,4,2,12.0,0.0,8.181818181818182,90.0,10.0,0,2.5,0,93.61,0.5,0,0,0,0,0,0,0,0,0,0,1,1,1,0.9769,1,고위험,Risk
C0392,1,4,3,19.0,2.995732273553991,4.400000000000001,0.6315789473684211,0.5263157894736843,0,0.45454545454545453,0,16.099999999999998,0.5454545454545454,0,1,0,0,0,0,0,0,0,1,0,1,0,0.01,0,안전,Platinum
C0082,3,4,4,15.0,3.1354942159291497,2.1333333333333333,0.36363636363636365,0.3181818181818182,0,0.125,1,20.68875,0.875,0,1,1,0,0,1,0,0,0,1,0,0,0,0.0025,0,안전,Platinum
,1,4,3,13.0,1.0986122886681098,5.3999999999999995,4.499999999999999,0.9999999999999998,0,1.6666666666666667,0,56.86000000000001,0.3333333333333333,0,1,1,0,0,1,0,0,0,1,0,1,0,0.001,0,안전,Platinum
,3,5,4,12.0,2.995732273553991,2.0740740740740744,0.36842105263157904,0.36842105263157904,1,0.5,0,30.0,0.375,0,1,1,0,1,0,0,0,0,1,0,0,0,0.0098,0,안전,Platinum
,1,3,2,11.0,1.6094379124341003,1.0000000000000002,0.7500000000000002,0.25000000000000006,0,0.5,1,60.22,0.0,0,0,0,1,0,0,1,0,0,1,0,1,0,0.0494,0,안전,Platinum
,1,3,1,14.0,2.1972245773362196,0.5454545454545453,0.24999999999999994,0.24999999999999994,1,1.0,0,45.02,0.3333333333333333,0,0,0,1,0,0,1,0,0,0,0,1,0,0.008,0,안전,Platinum
,1,3,3,18.0,2.3978952727983707,0.6666666666666665,0.19999999999999996,0.3999999999999999,1,0.4,0,47.205999999999996,0.0,0,1,0,0,0,0,0,0,0,1,0,0,0,0.0227,0,안전,Platinum
,1,4,11,13.0,2.9444389791664403,0.7272727272727274,0.22222222222222227,0.1666666666666667,0,1.0,0,46.0825,0.5,0,1,1,0,0,1,0,0,0,0,1,1,0,0.0028,0,안전,Platinum
,1,3,2,13.0,0.0,2.727272727272727,30.0,30.0,1,1.25,0,36.8525,0.25,0,0,0,0,0,1,0,0,0,1,0,1,0,0.2295,0,관심,Gold
,1,3,1,17.0,2.772588722239781,3.3793103448275867,0.46666666666666673,0.8666666666666668,0,0.35714285714285715,0,17.142857142857142,0.21428571428571427,0,0,1,0,1,0,0,0,0,0,0,1,0,0.0009,0,안전,Platinum
,1,3,4,14.0,2.70805020110221,0.0,0.0,0.07142857142857142,0,2.5,0,60.09,0.5,0,1,1,0,0,0,1,0,0,0,1,1,1,0.9018,1,위험,Risk
,3,3,8,11.0,3.044522437723423,0.0,0.0,0.05,0,2.0,0,74.89,0.0,0,1,0,0,0,1,0,0,0,1,0,1,0,0.0059,0,안전,Platinum
,1,3,1,17.0,2.0794415416798357,0.8888888888888891,0.5714285714285716,0.1428571428571429,0,1.0,1,88.78,0.5,0,0,0,0,0,1,0,0,0,0,1,1,0,0.0023,0,안전,Platinum
,1,3,5,18.0,2.3978952727983707,0.33333333333333326,0.19999999999999996,0.09999999999999998,0,1.5,0,68.145,0.0,0,1,0,1,0,0,0,1,0,0,1,0,0,0.0013,0,안전,Platinum
,1,3,8,15.0,2.3978952727983707,0.49999999999999994,0.29999999999999993,0.09999999999999998,1,1.5,0,64.98,0.5,0,1,0,1,0,0,1,0,0,1,0,1,0,0.3837,0,관심,Gold
,1,4,4,15.0,1.9459101490553132,2.6666666666666665,1.3333333333333335,0.33333333333333337,0,1.3333333333333333,0,50.72666666666667,0.6666666666666666,0,1,0,0,0,0,0,1,0,0,1,1,0,0.005,0,안전,Platinum
,1,4,5,17.0,2.833213344056216,0.4736842105263158,0.1875,0.125,0,1.6666666666666667,0,50.25333333333333,0.3333333333333333,0,1,1,0,0,0,0,1,0,1,0,0,0,0.0076,0,안전,Platinum
C0361,1,5,2,18.0,1.3862943611198906,1.7142857142857142,1.0,1.0,0,0.25,1,41.2075,0.5,0,0,1,0,0,0,0,1,0,0,1,1,0,0.0077,0,안전,Platinum
C1057,1,4,5,17.0,2.302585092994046,1.25,0.5555555555555555,0.22222222222222218,1,1.0,0,62.13999999999999,0.3333333333333333,0,1,1,0,0,1,0,0,0,0,1,0,0,0.0121,0,안전,Platinum
C0893,1,4,4,15.0,3.295836866004329,2.3142857142857145,0.34615384615384615,0.3076923076923077,0,0.1111111111111111,1,26.666666666666668,0.4444444444444444,0,1,1,0,1,0,0,0,0,1,0,1,0,0.0007,0,안전,Platinum
,3,4,5,16.0,0.6931471805599453,2.25,3.0,2.0,0,1.0,0,51.36333333333334,0.6666666666666666,0,1,0,0,0,0,0,1,0,1,0,1,1,0.9536,1,고위험,Risk
,1,3,2,11.0,2.1972245773362196,0.19999999999999996,0.12499999999999997,0.12499999999999997,1,1.5,0,71.245,0.5,0,0,0,0,0,1,0,0,0,0,1,1,0,0.0531,0,안전,Platinum
,1,5,3,13.0,1.0986122886681098,2.8571428571428568,1.9999999999999996,1.9999999999999996,0,1.0,0,31.392000000000003,0.4,0,1,1,0,0,0,0,1,0,1,0,1,0,0.0344,0,안전,Platinum
C0949,1,4,6,13.0,2.995732273553991,0.5454545454545455,0.21052631578947373,0.10526315789473686,0,1.0,0,59.663333333333334,0.3333333333333333,0,1,0,0,0,1,0,0,0,0,1,1,0,0.0046,0,안전,Platinum
,1,2,5,14.0,2.302585092994046,0.9230769230769229,0.33333333333333326,0.33333333333333326,0,0.75,0,37.515,0.75,0,1,1,0,0,0,0,1,0,0,1,0,0,0.0012,0,안전,Platinum
,1,4,2,18.0,1.0986122886681098,4.799999999999999,3.999999999999999,0.9999999999999998,0,1.3333333333333333,0,67.18333333333334,0.3333333333333333,0,0,1,0,0,0,0,0,0,1,0,0,0,0.0014,0,안전,Platinum
,3,4,5,13.0,2.302585092994046,0.3636363636363636,0.22222222222222218,0.11111111111111109,0,2.5,0,78.235,0.5,0,1,1,0,0,1,0,0,0,0,0,0,0,0.0624,0,안전,Platinum
,1,3,10,16.0,2.6390573296152584,0.0,0.0,0.07692307692307694,0,1.5,0,67.72,0.5,0,1,0,0,0,0,1,0,0,1,0,1,0,0.0182,0,안전,Platinum
,1,5,3,12.0,2.8903717578961645,2.272727272727273,0.5882352941176472,0.23529411764705888,0,0.8,0,48.0,0.4,0,1,1,0,1,0,0,0,0,1,0,1,0,0.0023,0,안전,Platinum
,1,4,2,15.0,0.6931471805599453,4.5,6.0,2.0,0,1.0,0,48.52666666666667,0.3333333333333333,0,0,0,1,0,0,0,1,0,0,1,1,1,0.8519,1,위험,Risk
C1059,1,4,5,22.0,2.302585092994046,1.75,0.7777777777777777,0.22222222222222218,0,1.0,0,75.73666666666666,0.3333333333333333,0,1,1,0,0,0,0,0,0,0,1,1,0,0.0487,0,안전,Platinum
,3,3,2,25.0,2.772588722239781,2.6666666666666665,0.4,0.7333333333333334,0,0.25,0,12.4225,0.3333333333333333,0,0,0,1,0,1,0,0,0,0,0,1,0,0.0126,0,안전,Platinum
,3,3,2,12.0,1.791759469228055,0.0,0.0,0.2,0,2.5,0,64.135,0.0,0,0,0,0,0,0,1,0,0,1,0,0,0,0.1669,0,안전,Platinum
,3,3,2,11.0,0.0,1.8181818181818181,20.0,10.0,0,1.5,0,67.235,0.0,0,0,0,1,0,0,1,0,0,0,1,1,0,0.291,0,관심,Gold
,3,2,2,15.0,0.6931471805599453,6.0,8.0,2.0,0,1.0,0,63.333333333333336,0.3333333333333333,0,0,1,0,0,1,0,0,0,0,1,0,0,0.0182,0,안전,Platinum
,1,4,3,20.0,1.3862943611198906,2.0,1.3333333333333333,0.6666666666666666,0,0.3333333333333333,1,71.17666666666666,0.3333333333333333,0,1,0,0,0,1,0,0,0,1,0,1,0,0.007,0,안전,Platinum
,1,4,8,19.0,3.332204510175204,1.4062500000000002,0.33333333333333337,0.14814814814814817,0,0.4,1,48.0,0.4,0,1,1,0,1,0,0,0,0,0,1,0,0,0.0006,0,안전,Platinum
,1,4,2,15.0,3.367295829986474,0.0,0.0,0.4285714285714285,1,0.3076923076923077,0,18.136153846153846,0.15384615384615385,0,0,0,0,1,0,0,0,0,1,0,1,0,0.0006,0,안전,Platinum
,1,3,2,13.0,1.6094379124341003,1.2857142857142858,0.7500000000000002,0.5000000000000001,1,1.6666666666666667,0,43.550000000000004,0.0,0,0,0,0,0,0,1,0,0,1,0,1,0,0.3925,0,관심,Gold
,1,5,3,14.0,2.1972245773362196,1.0909090909090906,0.4999999999999999,0.24999999999999994,1,0.6666666666666666,0,53.74,0.3333333333333333,0,1,1,0,0,0,0,1,0,0,0,1,0,0.0064,0,안전,Platinum
,1,2,2,18.0,2.1972245773362196,0.27272727272727265,0.12499999999999997,0.24999999999999994,0,1.0,0,50.28333333333333,0.6666666666666666,0,0,1,0,0,0,0,1,0,1,0,0,0,0.0009,0,안전,Platinum
,3,3,6,11.0,0.0,0.0,0.0,10.0,0,2.0,0,78.825,0.0,0,1,0,0,0,1,0,0,0,0,1,0,1,0.9844,1,고위험,Risk
,3,4,2,12.0,2.5649493574615367,1.7142857142857144,0.3333333333333333,0.6666666666666666,0,0.4444444444444444,0,24.915555555555557,0.6666666666666666,0,0,1,0,0,1,0,0,0,1,0,1,0,0.0074,0,안전,Platinum
C0727,1,5,11,14.0,2.5649493574615367,0.2,0.08333333333333333,0.16666666666666666,1,1.0,0,59.60333333333333,0.3333333333333333,0,1,1,0,0,0,0,0,0,0,1,1,1,0.972,1,고위험,Risk
,3,3,2,17.0,2.833213344056216,2.88,0.5,0.5,1,0.1111111111111111,0,19.83,0.3333333333333333,0,0,1,0,0,1,0,0,0,1,0,1,0,0.007,0,안전,Platinum
C0636,3,4,2,14.0,0.6931471805599453,1.6,2.0,3.0,0,0.5,1,37.25,0.25,0,0,0,0,0,0,0,1,0,0,0,1,0,0.029,0,안전,VIP
,1,4,6,19.0,3.4339872044851463,0.35294117647058826,0.1,0.1,1,1.25,0,41.8925,0.75,1,1,1,0,0,0,0,1,0,1,0,0,0,0.0011,0,안전,Platinum
,1,3,2,13.0,0.0,7.2727272727272725,80.0,70.0,1,0.25,0,15.857500000000002,0.625,0,0,0,1,0,0,1,0,0,0,1,1,1,0.9986,1,고위험,Risk
,1,4,2,12.0,2.772588722239781,1.4736842105263157,0.46666666666666673,0.2,0,0.75,0,35.83,0.75,0,0,0,0,0,1,0,0,0,0,1,1,0,0.0009,0,안전,Platinum
,1,5,2,21.0,2.1972245773362196,4.285714285714285,1.2499999999999998,0.6249999999999999,0,0.8333333333333334,0,29.738333333333333,0.3333333333333333,0,0,0,0,0,1,0,0,0,0,1,1,0,0.0081,0,안전,Platinum
,1,5,9,17.0,1.0986122886681098,3.0,2.9999999999999996,0.4999999999999999,0,1.5,0,81.92,0.0,0,1,1,0,0,1,0,0,0,1,0,1,0,0.0743,0,안전,Platinum
C0679,1,4,3,14.0,1.791759469228055,6.954545454545454,1.8,3.2,0,0.17647058823529413,0,14.117647058823529,0.5882352941176471,0,1,1,0,0,0,0,0,1,0,0,0,1,0.3488,0,관심,Gold
,1,4,9,12.0,2.302585092994046,0.9230769230769229,0.33333333333333326,0.33333333333333326,1,0.75,0,37.9,0.75,0,1,1,0,0,0,0,1,0,1,0,1,0,0.5018,1,주의,Silver
,1,4,9,24.0,3.1354942159291497,0.0,0.0,0.045454545454545456,0,1.5,0,72.5,0.5,0,1,0,1,0,0,0,0,0,0,1,1,0,0.0022,0,안전,Platinum
,1,4,6,15.0,2.995732273553991,0.13636363636363638,0.05263157894736843,0.10526315789473686,1,1.6666666666666667,0,80.0,0.6666666666666666,0,1,1,0,0,0,0,0,0,1,0,1,0,0.5143,1,주의,Silver
,1,3,2,12.0,2.0794415416798357,4.800000000000001,1.285714285714286,1.0000000000000002,0,0.5,0,19.29125,0.875,0,0,1,0,0,1,0,0,0,1,0,0,0,0.0004,0,안전,Platinum
,1,2,5,20.0,3.332204510175204,0.4000000000000001,0.14814814814814817,0.07407407407407408,0,1.0,0,80.0,0.3333333333333333,0,1,1,0,1,0,0,0,0,1,0,1,0,0.0,0,안전,Platinum
,1,3,3,11.0,2.0794415416798357,0.44444444444444453,0.2857142857142858,0.1428571428571429,0,2.5,0,60.400000000000006,0.0,0,1,0,1,0,0,1,0,0,0,1,1,0,0.6325,1,주의,Silver
,3,4,2,13.0,2.302585092994046,1.2727272727272725,0.7777777777777777,0.11111111111111109,1,1.5,0,78.365,0.5,0,0,1,0,0,1,0,0,0,1,0,0,0,0.0159,0,안전,Platinum
,1,3,2,19.0,0.0,0.0,0.0,10.0,0,0.5,1,63.465,0.5,0,0,0,1,0,0,1,0,0,0,1,0,1,0.8312,1,위험,Risk
C1040,3,4,2,15.0,2.9444389791664403,1.0869565217391306,0.27777777777777785,0.22222222222222227,0,1.0,0,28.77,0.6,0,0,0,0,0,1,0,0,0,1,0,1,0,0.0025,0,안전,Platinum
,3,4,5,22.0,2.4849066497880004,1.0769230769230769,0.6363636363636364,0.09090909090909091,0,0.5,1,93.43,0.0,0,1,1,0,0,1,0,0,0,0,1,0,0,0.0528,0,안전,Platinum
,1,6,3,12.0,0.6931471805599453,6.0,8.0,2.0,1,1.6666666666666667,0,48.73,0.3333333333333333,0,1,0,1,0,0,0,1,0,1,0,1,1,0.8229,1,위험,Risk
,1,4,1,11.0,2.772588722239781,0.47058823529411764,0.2666666666666667,0.06666666666666668,0,0.5,1,72.615,0.0,0,0,0,0,0,1,0,0,0,1,0,0,0,0.0047,0,안전,Platinum
,1,3,6,15.0,1.9459101490553132,1.7500000000000002,1.1666666666666667,0.16666666666666669,0,2.0,0,65.275,0.0,0,1,0,0,0,1,0,0,0,1,0,1,0,0.009,0,안전,Platinum
C0546,3,4,3,13.0,2.1972245773362196,4.052631578947368,0.8749999999999998,1.2499999999999998,0,0.45454545454545453,0,16.931818181818183,0.18181818181818182,0,1,1,0,0,1,0,0,0,0,1,0,0,0.0028,0,안전,Platinum
,3,1,3,11.0,0.0,1.8181818181818181,20.0,10.0,0,1.5,0,81.16,0.5,0,1,1,0,0,1,0,0,0,1,0,1,0,0.0795,0,안전,VIP
C0715,1,3,2,16.0,0.0,1.8181818181818181,20.0,10.0,1,1.5,0,64.43,0.0,0,0,0,0,0,0,1,0,0,0,0,0,1,0.9434,1,위험,Risk
,1,3,2,11.0,0.0,3.6363636363636362,40.0,10.0,0,0.5,1,67.225,0.0,0,0,0,1,0,0,1,0,0,0,1,0,0,0.0208,0,안전,VIP
,1,4,1,17.0,0.0,0.0,0.0,10.0,1,1.5,0,66.94,0.0,0,0,0,1,0,0,1,0,0,0,0,1,1,0.8054,1,위험,Risk
,1,4,4,14.0,3.295836866004329,0.5172413793103449,0.19230769230769232,0.07692307692307693,0,0.6666666666666666,1,80.0,0.3333333333333333,0,1,1,0,1,0,0,0,0,0,0,0,0,0.0009,0,안전,Platinum
,3,3,2,25.0,1.9459101490553132,0.5000000000000001,0.33333333333333337,0.16666666666666669,1,0.5,0,76.84,0.0,0,0,0,0,0,1,0,0,0,1,0,0,0,0.0049,0,안전,Platinum
,3,4,8,14.0,2.0794415416798357,1.2000000000000002,0.5714285714285716,0.2857142857142858,0,0.3333333333333333,1,74.99333333333333,0.6666666666666666,0,1,0,0,0,1,0,0,0,1,0,1,0,0.0121,0,안전,Platinum
,1,4,7,15.0,2.3513752571634776,0.0,0.0,0.10526315789473684,1,1.5,0,60.45,0.0,0,1,0,1,0,0,1,0,0,0,1,1,1,0.9741,1,고위험,Risk
,1,5,3,13.0,0.6931471805599453,0.75,1.0,2.0,0,1.3333333333333333,0,45.870000000000005,0.3333333333333333,0,1,0,1,0,0,0,1,0,0,1,0,1,0.8074,1,위험,Risk
,1,4,3,24.0,1.0986122886681098,2.9999999999999996,2.4999999999999996,0.9999999999999998,0,0.3333333333333333,1,48.56666666666666,0.6666666666666666,0,1,0,1,0,0,0,1,0,1,0,1,0,0.0032,0,안전,Platinum
C1046,1,5,3,12.0,0.6931471805599453,2.25,3.0,2.0,1,1.0,0,54.96333333333333,0.6666666666666666,0,1,1,0,0,0,0,1,0,0,1,1,1,0.9292,1,위험,Risk
,1,1,1,12.0,1.3862943611198906,2.8,2.3333333333333335,0.3333333333333333,1,2.5,0,107.08000000000001,0.0,0,0,1,0,0,0,0,0,0,0,0,0,0,0.0034,0,안전,Platinum
,1,3,5,13.0,2.833213344056216,0.2222222222222222,0.125,0.0625,0,1.5,0,62.19,0.5,0,1,0,0,0,0,1,0,0,0,1,1,0,0.0169,0,안전,Platinum
,3,3,2,13.0,2.4849066497880004,0.46153846153846156,0.2727272727272727,0.09090909090909091,1,1.0,0,78.33,0.0,0,0,0,0,0,1,0,0,0,0,1,0,0,0.1437,0,안전,Platinum
C0215,1,3,1,12.0,0.0,6.363636363636363,70.0,70.0,1,0.125,0,21.94125,0.5,0,0,0,0,0,0,0,0,0,0,1,0,1,0.9959,1,고위험,Risk
,1,4,2,25.0,1.6094379124341003,0.0,0.0,0.25000000000000006,1,2.0,0,59.295,0.5,0,0,0,0,0,0,0,1,0,0,1,0,1,0.9814,1,고위험,Risk
,3,2,2,19.0,3.4657359027997265,0.8823529411764706,0.3225806451612903,0.06451612903225806,1,0.6666666666666666,0,59.06666666666666,0.3333333333333333,1,0,1,0,0,1,0,0,0,1,0,1,0,0.0,0,안전,Platinum
,1,5,3,14.0,0.6931471805599453,3.0,4.0,2.0,0,1.0,0,48.35666666666666,0.3333333333333333,0,1,0,0,0,0,0,1,0,1,0,0,0,0.0835,0,안전,Platinum
C1004,2,2,9,17.0,2.833213344056216,0.6315789473684211,0.25,0.125,0,1.6666666666666667,0,62.57333333333333,0.3333333333333333,0,1,0,0,0,1,0,0,0,0,0,1,0,0.0025,0,안전,Platinum
,1,5,4,18.0,3.258096538021482,0.10714285714285714,0.039999999999999994,0.07999999999999999,0,1.0,0,62.10666666666666,0.6666666666666666,0,1,1,0,0,1,0,0,0,1,0,1,0,0.0013,0,안전,Platinum
,3,3,3,11.0,2.4849066497880004,2.9473684210526314,0.6363636363636364,0.6363636363636364,1,0.375,0,15.818750000000001,0.125,0,1,0,0,0,0,1,0,0,1,0,0,1,0.9537,1,고위험,Risk
,1,4,1,16.0,2.833213344056216,1.0,0.5625,0.0625,0,0.5,1,100.845,0.0,0,0,1,0,0,0,0,0,0,1,0,0,1,0.8708,1,위험,Risk
C0580,1,3,1,25.0,2.5649493574615367,3.5,0.5833333333333334,0.9166666666666666,0,0.25,0,17.448333333333334,0.5,0,0,0,0,0,0,0,0,0,0,1,0,0,0.0027,0,안전,Platinum
,1,6,3,13.0,0.6931471805599453,1.5,2.0,2.0,0,1.0,0,49.31,0.3333333333333333,0,1,0,1,0,0,0,1,0,0,1,1,1,0.9393,1,위험,Risk
C0122,1,4,2,19.0,2.1972245773362196,0.3999999999999999,0.24999999999999994,0.12499999999999997,0,2.5,0,62.25,0.0,0,0,0,1,0,0,1,0,0,0,1,1,0,0.0887,0,안전,Platinum
,1,4,2,11.0,2.1972245773362196,0.19999999999999996,0.12499999999999997,0.12499999999999997,0,2.5,0,62.795,0.0,0,0,0,1,0,0,1,0,0,0,1,0,0,0.0106,0,안전,Platinum
,1,5,3,17.0,2.6390573296152584,2.11764705882353,0.6923076923076925,0.23076923076923084,0,0.25,1,60.0,2.5,0,1,1,0,1,0,0,0,0,1,0,0,0,0.0917,0,안전,Platinum
C0004,1,4,3,13.0,2.995732273553991,2.5714285714285716,0.42105263157894746,0.42105263157894746,0,0.4444444444444444,0,22.156666666666666,0.4444444444444444,0,1,1,0,0,0,0,0,0,1,0,1,0,0.0971,0,안전,Platinum
,1,4,3,15.0,0.6931471805599453,2.25,3.0,2.0,0,1.6666666666666667,0,50.0,0.3333333333333333,0,1,1,0,0,0,0,1,0,0,0,1,0,0.0686,0,안전,Platinum
,1,3,3,13.0,2.70805020110221,3.0,1.2142857142857142,0.14285714285714285,1,1.6666666666666667,0,49.07,0.3333333333333333,0,1,0,1,0,0,0,1,0,0,1,1,0,0.0589,0,안전,Platinum
,1,2,3,18.0,2.302585092994046,4.235294117647059,0.9999999999999998,0.7777777777777777,0,0.375,0,19.88375,0.75,0,1,1,0,0,1,0,0,0,1,0,1,0,0.0,0,안전,Platinum
,1,3,7,13.0,1.791759469228055,0.8571428571428571,0.6,0.2,0,1.5,0,67.165,0.0,0,1,0,0,0,0,1,0,0,1,0,1,0,0.0112,0,안전,Platinum
,3,3,4,16.0,2.70805020110221,0.25,0.14285714285714285,0.07142857142857142,1,1.5,0,85.41,0.0,0,1,1,0,0,0,0,0,0,0,1,1,0,0.2873,0,관심,Gold
C0147,1,3,4,13.0,2.8903717578961645,7.968750000000002,1.0000000000000002,0.8235294117647061,0,0.3333333333333333,0,16.0,0.2,0,1,1,0,1,0,0,0,0,0,0,1,0,0.0007,0,안전,Platinum
,3,5,7,14.0,0.0,1.8181818181818181,20.0,20.0,1,0.3333333333333333,0,51.46666666666667,0.0,0,1,1,0,0,1,0,0,0,1,0,1,1,0.9954,1,고위험,Risk
C0253,3,2,8,18.0,2.995732273553991,1.8750000000000004,0.4736842105263159,0.21052631578947373,1,0.6,0,48.0,0.4,0,1,1,0,1,0,0,0,0,0,1,1,1,0.9772,1,고위험,Risk
,1,4,3,15.0,2.302585092994046,0.75,0.33333333333333326,0.22222222222222218,1,1.0,0,60.629999999999995,0.6666666666666666,0,1,0,0,0,1,0,0,0,1,0,1,0,0.0185,0,안전,Platinum
,1,2,3,25.0,2.70805020110221,2.1052631578947367,0.5714285714285714,0.2857142857142857,0,0.8,0,33.488,0.2,0,1,0,0,0,1,0,0,0,0,0,0,0,0.001,0,안전,Platinum
,1,3,10,12.0,2.302585092994046,0.1818181818181818,0.11111111111111109,0.11111111111111109,1,1.5,0,73.315,0.0,0,1,0,1,0,1,0,0,0,1,0,0,0,0.0008,0,안전,Platinum
C0582,3,4,5,15.0,2.70805020110221,3.6666666666666665,0.7857142857142857,0.42857142857142855,0,0.5714285714285714,0,25.967142857142857,0.2857142857142857,0,1,1,0,0,1,0,0,0,1,0,0,0,0.0128,0,안전,Platinum
,1,5,3,12.0,0.6931471805599453,0.75,1.0,2.0,0,1.3333333333333333,0,50.64666666666667,0.6666666666666666,0,1,0,0,0,0,0,1,0,1,0,1,0,0.8858,1,위험,Risk
,2,4,2,12.0,0.0,0.0,0.0,10.0,0,1.0,1,62.81999999999999,0.5,0,0,0,1,0,0,1,0,0,0,1,1,1,0.4325,0,관심,Gold
,1,4,2,18.0,2.3978952727983707,1.1666666666666665,0.6999999999999998,0.09999999999999998,0,1.5,0,79.965,0.0,0,0,1,0,0,1,0,0,0,1,0,1,0,0.0009,0,안전,Platinum
,3,3,2,14.0,1.0986122886681098,0.7142857142857142,0.4999999999999999,1.9999999999999996,0,0.4,1,35.836,0.8,0,0,0,0,0,0,0,0,0,0,0,0,0,0.0271,0,안전,Platinum
,2,3,2,13.0,1.9459101490553132,1.0000000000000002,0.6666666666666667,0.16666666666666669,0,1.5,0,68.0,0.5,0,0,0,1,0,0,0,1,0,1,0,1,0,0.0079,0,안전,Platinum
,1,5,3,21.0,1.9459101490553132,1.2,0.5000000000000001,0.5000000000000001,0,1.0,0,38.1075,0.25,0,1,0,0,0,0,0,1,0,0,0,0,0,0.0086,0,안전,Platinum
,3,3,7,13.0,1.9459101490553132,0.5000000000000001,0.33333333333333337,0.16666666666666669,0,1.0,1,99.99,0.5,0,1,0,0,0,1,0,0,0,0,0,1,0,0.0611,0,안전,Platinum
,3,3,3,18.0,2.5649493574615367,0.4,0.16666666666666666,0.16666666666666666,0,0.3333333333333333,1,47.09,0.3333333333333333,0,1,0,0,0,1,0,0,0,1,0,1,0,0.0039,0,안전,Platinum
,1,4,2,11.0,2.9444389791664403,2.0000000000000004,0.3333333333333334,0.44444444444444453,0,0.4444444444444444,0,26.666666666666668,0.3333333333333333,0,0,1,0,1,0,0,0,0,0,1,0,0,0.0039,0,안전,Platinum
,3,1,2,22.0,1.9459101490553132,2.0000000000000004,1.3333333333333335,0.16666666666666669,0,2.5,0,70.185,0.0,0,0,0,1,0,1,0,0,0,1,0,1,0,0.0009,0,안전,Platinum
,3,3,2,19.0,1.6094379124341003,0.0,0.0,0.25000000000000006,1,1.5,0,58.375,0.5,0,0,1,0,0,0,0,1,0,0,1,1,1,0.9685,1,고위험,Risk
,1,4,6,14.0,2.8903717578961645,0.5714285714285715,0.17647058823529416,0.17647058823529416,0,0.25,1,45.155,0.5,0,1,0,0,0,1,0,0,0,1,0,0,0,0.0031,0,안전,Platinum
,1,3,2,17.0,1.6094379124341003,1.6666666666666667,0.7500000000000002,1.0000000000000002,0,0.6,0,25.822000000000003,0.6,0,0,0,1,0,0,1,0,0,1,0,1,0,0.0034,0,안전,Platinum
,3,4,2,12.0,2.5649493574615367,1.7142857142857144,0.3333333333333333,0.6666666666666666,0,0.4444444444444444,0,24.915555555555557,0.4444444444444444,0,0,1,0,0,1,0,0,0,1,0,1,0,0.0073,0,안전,Platinum
,1,3,2,14.0,1.6094379124341003,1.0000000000000002,0.7500000000000002,0.25000000000000006,0,1.5,0,67.385,0.0,0,0,0,1,0,0,1,0,0,1,0,1,0,0.0038,0,안전,Platinum
C0640,1,2,3,13.0,0.6931471805599453,1.5,2.0,2.0,1,0.6666666666666666,0,51.64666666666667,0.6666666666666666,0,1,1,0,0,0,0,1,0,0,1,0,0,0.0375,0,안전,Platinum
,3,4,10,20.0,1.6094379124341003,1.7142857142857144,1.0000000000000002,0.5000000000000001,0,1.6666666666666667,0,55.38333333333333,0.6666666666666666,0,1,1,0,0,1,0,0,0,1,0,1,0,0.1157,0,안전,Platinum
,3,3,2,13.0,0.0,0.0,0.0,10.0,0,0.5,1,55.405,0.0,0,0,1,0,0,0,0,1,0,0,1,1,1,0.9207,1,위험,Risk
,1,4,11,19.0,3.044522437723423,0.9230769230769229,0.2,0.25,1,0.6666666666666666,0,29.105,0.3333333333333333,0,1,1,0,0,0,0,1,0,0,0,0,1,0.9227,1,위험,Risk
,1,5,8,15.0,1.3862943611198906,2.0,1.3333333333333333,0.6666666666666666,0,0.6666666666666666,1,50.10666666666666,0.6666666666666666,0,1,1,0,0,0,0,1,0,1,0,0,0,0.0435,0,안전,Platinum
,3,5,3,14.0,2.995732273553991,3.1200000000000006,0.6842105263157896,0.26315789473684215,0,0.5,0,30.155,0.8333333333333334,0,1,0,0,0,1,0,0,0,1,0,0,0,0.0036,0,안전,Platinum
C0927,3,4,2,13.0,2.5649493574615367,2.5789473684210527,0.5833333333333334,0.5,0,0.42857142857142855,0,33.012857142857136,0.2857142857142857,0,0,1,0,0,0,0,0,0,1,0,1,0,0.0729,0,안전,Platinum
,1,4,2,18.0,0.6931471805599453,2.25,3.0,2.0,0,1.3333333333333333,0,49.74,0.3333333333333333,0,0,0,0,0,0,0,1,0,0,1,0,1,0.8561,1,위험,Risk
C0570,3,6,5,14.0,1.9459101490553132,2.3333333333333335,1.1666666666666667,0.33333333333333337,0,1.0,0,73.7,0.6666666666666666,0,1,1,0,0,0,0,0,0,1,0,1,0,0.0296,0,안전,Platinum
,3,3,2,19.0,0.6931471805599453,0.0,0.0,1.0,0,2.0,0,64.28,0.5,0,0,0,1,0,0,1,0,0,1,0,0,0,0.0578,0,안전,Platinum
,1,5,8,13.0,2.302585092994046,2.0,0.8888888888888887,0.22222222222222218,0,1.0,0,49.193333333333335,0.6666666666666666,0,1,0,1,0,0,0,1,0,1,0,1,0,0.025,0,안전,Platinum
,1,2,2,25.0,3.9512437185814275,0.6545454545454544,0.1764705882352941,0.0588235294117647,0,0.75,0,43.5,0.5,1,0,1,0,0,1,0,0,0,0,0,1,0,0.0002,0,안전,Platinum
,1,2,3,14.0,2.9444389791664403,6.588235294117647,0.7777777777777779,0.8333333333333335,0,0.3125,0,15.0,0.1875,0,1,1,0,0,0,0,0,1,1,0,1,0,0.0002,0,안전,Platinum
,1,3,8,20.0,0.0,6.363636363636363,70.0,10.0,0,2.5,0,63.535,0.5,0,1,0,1,0,0,1,0,0,0,0,0,1,0.8236,1,위험,Risk
,3,3,3,14.0,3.091042453358316,1.75,0.33333333333333326,0.28571428571428564,0,0.2857142857142857,1,20.072857142857142,0.5714285714285714,0,1,0,1,0,1,0,0,0,0,0,0,0,0.0091,0,안전,Platinum
,1,3,10,12.0,2.70805020110221,1.2352941176470587,0.5,0.14285714285714285,1,1.0,0,41.53666666666667,0.3333333333333333,0,1,0,1,0,0,1,0,0,0,0,1,1,0.9643,1,고위험,Risk
,1,4,5,12.0,1.791759469228055,0.37499999999999994,0.2,0.4,0,1.3333333333333333,0,80.0,0.3333333333333333,0,1,1,0,1,0,0,0,0,0,1,0,0,0.0131,0,안전,Platinum
C0019,1,5,3,15.0,0.6931471805599453,6.0,8.0,2.0,1,1.0,0,49.553333333333335,0.3333333333333333,0,1,0,0,0,0,0,1,0,0,0,0,1,0.7571,1,주의,Silver
,1,4,10,12.0,2.8903717578961645,0.30000000000000004,0.11764705882352944,0.11764705882352944,0,1.6666666666666667,0,77.73333333333333,0.6666666666666666,0,1,0,0,0,0,0,0,0,1,0,0,0,0.0059,0,안전,Platinum
,1,4,2,14.0,0.6931471805599453,6.3,7.0,8.0,0,0.5555555555555556,0,17.074444444444442,0.4444444444444444,0,0,1,0,0,0,0,1,0,0,1,1,0,0.2688,0,관심,Gold
,2,6,8,20.0,2.772588722239781,0.5000000000000001,0.2,0.13333333333333336,0,1.3333333333333333,0,63.1,0.3333333333333333,0,1,0,0,0,1,0,0,0,1,0,1,0,0.0133,0,안전,Platinum
C0238,1,4,8,14.0,2.5649493574615367,0.4,0.16666666666666666,0.16666666666666666,1,1.0,0,51.85666666666666,0.3333333333333333,0,1,1,0,0,0,0,1,0,1,0,1,0,0.1527,0,안전,Platinum
,1,5,7,25.0,1.6094379124341003,0.4285714285714286,0.25000000000000006,0.5000000000000001,1,0.6666666666666666,0,64.59,0.6666666666666666,0,1,1,0,0,1,0,0,0,0,1,0,0,0.0944,0,안전,Platinum
C0044,3,4,3,18.0,3.091042453358316,1.0,0.3809523809523809,0.09523809523809522,1,0.3333333333333333,0,55.54333333333333,0.6666666666666666,0,1,1,0,0,1,0,0,0,0,1,0,0,0.0024,0,안전,Platinum
,1,1,1,14.0,2.3978952727983707,0.49999999999999994,0.29999999999999993,0.09999999999999998,0,1.5,0,67.5,0.0,0,0,0,0,0,0,1,0,0,0,1,1,0,0.0019,0,안전,Platinum
C0445,1,3,8,11.0,1.0986122886681098,2.571428571428571,1.4999999999999998,5.499999999999999,0,0.08333333333333333,1,18.474166666666665,0.8333333333333334,0,1,0,0,1,0,0,0,0,1,0,1,1,0.7386,1,주의,Silver
,2,4,5,12.0,2.5649493574615367,0.6,0.25,0.16666666666666666,0,1.0,0,61.92333333333334,0.3333333333333333,0,1,0,0,0,1,0,0,0,1,0,1,0,0.0193,0,안전,Platinum
C1051,3,4,3,14.0,0.6931471805599453,0.75,1.0,2.0,0,0.3333333333333333,1,45.27,0.3333333333333333,0,1,0,1,0,0,0,1,0,0,1,1,1,0.9019,1,위험,Risk
C0575,3,3,8,12.0,2.6390573296152584,0.13333333333333336,0.07692307692307694,0.07692307692307694,0,1.5,0,83.64,0.5,0,1,0,0,0,1,0,0,0,1,0,1,1,0.852,1,위험,Risk
C0577,3,4,2,15.0,1.0986122886681098,2.3999999999999995,1.9999999999999996,0.9999999999999998,0,1.6666666666666667,0,57.99333333333333,0.6666666666666666,0,0,0,0,0,1,0,0,0,0,1,1,0,0.0615,0,안전,Platinum
,3,4,9,17.0,2.5649493574615367,0.2,0.08333333333333333,0.16666666666666666,0,1.3333333333333333,0,66.17,0.6666666666666666,0,1,1,0,0,0,0,0,0,0,1,1,0,0.0067,0,안전,Platinum
,1,4,8,19.0,0.6931471805599453,2.4,3.0,3.0,0,1.0,0,36.31,0.75,0,1,0,0,0,0,0,1,0,1,0,1,0,0.1906,0,안전,Platinum
C0696,1,2,5,18.0,2.302585092994046,0.0,0.0,0.11111111111111109,0,1.0,1,68.44,0.0,0,1,0,0,0,0,0,1,0,0,0,1,0,0.0035,0,안전,Platinum
,3,3,1,12.0,1.791759469228055,6.222222222222222,2.8,0.6,1,1.25,0,59.394999999999996,0.5,0,0,0,0,1,0,0,0,0,0,1,1,1,0.6209,1,주의,Silver
,2,3,4,11.0,2.4849066497880004,0.3076923076923077,0.18181818181818182,0.09090909090909091,0,1.5,0,80.385,0.0,0,1,0,0,0,1,0,0,0,1,0,1,0,0.0128,0,안전,Platinum
,2,3,2,23.0,0.0,6.363636363636363,70.0,50.0,0,0.5,0,21.569999999999997,0.3333333333333333,0,0,0,1,0,0,1,0,0,1,0,0,0,0.0341,0,안전,VIP
,1,4,5,15.0,1.6094379124341003,1.7142857142857144,1.0000000000000002,0.5000000000000001,1,1.6666666666666667,0,48.88666666666666,0.3333333333333333,0,1,0,1,0,0,0,1,0,0,1,1,1,0.9141,1,위험,Risk
,3,4,3,15.0,1.9459101490553132,3.181818181818182,1.1666666666666667,0.6666666666666667,0,0.2,1,42.995999999999995,0.6,0,1,0,0,0,0,0,0,0,0,1,0,0,0.0387,0,안전,Platinum
,1,3,8,20.0,0.0,6.363636363636363,70.0,10.0,0,2.5,0,63.535,0.5,0,1,0,1,0,0,1,0,0,1,0,0,1,0.7713,1,주의,Silver
,1,3,2,17.0,1.6094379124341003,0.0,0.0,0.25000000000000006,0,2.0,0,62.504999999999995,0.5,0,0,0,1,0,0,1,0,0,0,1,1,0,0.1329,0,안전,Platinum
C0166,1,2,4,13.0,2.772588722239781,0.6666666666666667,0.2666666666666667,0.13333333333333336,1,1.0,0,48.75666666666667,0.3333333333333333,0,1,0,1,0,0,0,1,0,1,0,1,0,0.0061,0,안전,Platinum
,1,4,4,12.0,2.302585092994046,0.25,0.11111111111111109,0.22222222222222218,0,1.6666666666666667,0,58.64333333333334,0.6666666666666666,0,1,0,0,0,1,0,0,0,1,0,0,0,0.0947,0,안전,Platinum
C0450,1,3,5,18.0,2.3978952727983707,0.33333333333333326,0.19999999999999996,0.09999999999999998,0,1.5,0,68.145,0.5,0,1,0,1,0,0,0,1,0,0,1,0,0,0.0006,0,안전,Platinum
,3,3,7,13.0,2.1972245773362196,1.5999999999999996,0.9999999999999998,0.12499999999999997,0,1.0,1,89.115,0.0,0,1,1,0,0,0,0,0,0,1,0,1,0,0.0194,0,안전,Platinum
,1,4,4,17.0,2.0794415416798357,0.0,0.0,0.1428571428571429,0,1.0,1,64.895,0.5,0,1,0,0,0,0,1,0,0,0,0,1,0,0.0238,0,안전,Platinum
C0681,1,4,4,12.0,0.6931471805599453,0.75,1.0,2.0,1,1.6666666666666667,0,52.24,0.3333333333333333,0,1,0,0,0,0,0,1,0,0,1,1,1,0.9981,1,고위험,Risk
C0556,3,3,2,13.0,0.0,0.0,0.0,10.0,0,2.0,0,63.394999999999996,0.0,0,0,0,1,0,0,1,0,0,0,1,1,1,0.9386,1,위험,Risk
,3,4,3,26.0,2.0794415416798357,0.9000000000000002,0.42857142857142866,0.2857142857142858,1,0.3333333333333333,0,59.56,0.3333333333333333,0,1,0,0,0,1,0,0,0,1,0,0,0,0.0135,0,안전,Platinum
C0722,1,3,4,13.0,0.0,6.363636363636363,70.0,70.0,1,0.375,0,16.67375,0.125,0,1,0,1,0,0,1,0,0,1,0,0,1,0.9984,1,고위험,Risk
,1,5,2,12.0,2.3978952727983707,3.3157894736842097,0.6999999999999998,0.7999999999999998,0,0.1111111111111111,1,23.73111111111111,0.6666666666666666,0,0,1,0,0,0,0,0,0,0,1,0,0,0.0453,0,안전,Platinum
,3,4,10,21.0,1.6094379124341003,2.3333333333333335,1.7500000000000004,0.25000000000000006,0,0.5,1,107.785,0.5,0,1,1,0,0,0,0,0,0,1,0,1,0,0.0032,0,안전,Platinum
,1,5,1,15.0,2.1972245773362196,1.1538461538461535,0.37499999999999994,0.4999999999999999,0,0.6,0,28.46,0.2,0,0,0,1,0,0,0,1,0,0,1,1,0,0.0063,0,안전,Platinum
C0909,1,3,2,23.0,0.0,0.0,0.0,10.0,1,2.0,0,62.36,0.5,0,0,0,1,0,0,1,0,0,0,1,1,1,0.9996,1,고위험,Risk
C0813,1,3,5,13.0,2.0794415416798357,4.615384615384617,1.4285714285714288,0.7142857142857144,0,0.6666666666666666,0,24.073333333333334,0.0,0,1,0,0,0,1,0,0,0,1,0,0,0,0.0007,0,안전,Platinum
,1,4,1,17.0,0.0,3.6363636363636362,40.0,30.0,0,0.5,1,32.905,0.0,0,0,0,0,0,0,1,0,0,0,0,1,0,0.0186,0,안전,VIP
,3,4,3,19.0,1.6094379124341003,0.4285714285714286,0.25000000000000006,0.5000000000000001,0,1.3333333333333333,0,49.919999999999995,0.6666666666666666,0,1,1,0,0,0,0,1,0,0,0,1,0,0.0961,0,안전,Platinum
,1,4,3,13.0,2.1972245773362196,0.818181818181818,0.37499999999999994,0.24999999999999994,1,1.6666666666666667,0,66.28,0.3333333333333333,0,1,0,0,0,0,0,0,0,1,0,1,0,0.2054,0,관심,Gold
,3,3,9,12.0,2.4849066497880004,0.0,0.0,0.09090909090909091,1,1.0,0,84.305,0.5,0,1,1,0,0,1,0,0,0,0,1,1,0,0.3354,0,관심,Gold
C0950,1,3,9,20.0,3.258096538021482,0.2962962962962963,0.15999999999999998,0.039999999999999994,0,1.5,0,65.745,0.5,0,1,0,1,0,1,0,0,0,1,0,0,0,1e-04,0,안전,Platinum
C1038,1,4,9,17.0,2.4849066497880004,1.0714285714285716,0.45454545454545453,0.18181818181818182,0,0.6666666666666666,1,62.82333333333333,0.3333333333333333,0,1,1,0,0,1,0,0,0,1,0,1,0,0.0042,0,안전,Platinum
,3,3,2,14.0,1.6094379124341003,0.0,0.0,0.25000000000000006,1,2.0,0,59.39,0.5,0,0,0,0,0,0,0,1,0,0,1,1,1,0.9954,1,고위험,Risk
,2,3,5,11.0,2.8903717578961645,0.21052631578947373,0.11764705882352944,0.05882352941176472,1,0.5,0,78.715,0.5,0,1,0,0,0,1,0,0,0,1,0,1,0,0.0008,0,안전,Platinum
C0853,1,3,2,12.0,1.6094379124341003,0.0,0.0,0.25000000000000006,0,1.5,0,59.519999999999996,0.5,0,0,0,0,0,0,1,0,0,0,1,1,1,0.7182,1,주의,Silver
,2,3,1,14.0,2.0794415416798357,0.30000000000000004,0.1428571428571429,0.2857142857142858,0,0.3333333333333333,1,40.48333333333333,0.0,0,0,0,0,0,0,1,0,0,1,0,1,0,0.0023,0,안전,Platinum
,1,3,3,11.0,2.772588722239781,0.23529411764705882,0.13333333333333336,0.06666666666666668,0,1.5,0,72.78,0.5,0,1,0,0,0,1,0,0,0,1,0,0,0,0.0007,0,안전,Platinum
C0335,2,3,2,15.0,0.6931471805599453,1.5,2.0,2.0,0,0.3333333333333333,1,42.35333333333333,0.0,0,0,0,0,0,0,1,0,0,1,0,1,0,0.0181,0,안전,Platinum
,2,5,3,14.0,1.3862943611198906,5.0,3.3333333333333335,0.6666666666666666,0,1.6666666666666667,0,68.29333333333334,0.3333333333333333,0,1,1,0,0,0,0,0,0,0,1,1,0,0.0301,0,안전,Platinum
,1,4,5,15.0,1.6094379124341003,0.4285714285714286,0.25000000000000006,0.5000000000000001,0,1.6666666666666667,0,48.39333333333334,0.6666666666666666,0,1,0,1,0,0,0,1,0,0,1,1,1,0.8761,1,위험,Risk
,1,4,4,14.0,2.6390573296152584,0.7500000000000002,0.30769230769230776,0.15384615384615388,0,0.3333333333333333,1,80.0,0.3333333333333333,0,1,0,0,0,0,0,0,1,0,1,1,0,0.0132,0,안전,Platinum
,3,4,2,13.0,1.3862943611198906,0.8,0.6666666666666666,0.3333333333333333,0,1.5,0,80.59,0.0,0,0,1,0,0,1,0,0,0,1,0,0,0,0.0032,0,안전,Platinum
,1,5,3,22.0,0.6931471805599453,0.75,1.0,2.0,0,1.3333333333333333,0,48.75666666666667,0.6666666666666666,0,1,0,1,0,0,0,1,0,1,0,1,0,0.5106,1,주의,Silver
,1,3,10,14.0,2.995732273553991,0.27272727272727276,0.10526315789473686,0.10526315789473686,0,0.3333333333333333,1,80.0,0.3333333333333333,0,1,1,0,0,0,0,0,1,1,0,1,0,0.0009,0,안전,Platinum
C0688,1,3,7,19.0,3.332204510175204,0.2758620689655173,0.14814814814814817,0.03703703703703704,1,2.5,0,72.2,0.0,0,1,0,1,0,1,0,0,0,0,1,0,0,0.0,0,안전,Platinum
,1,6,4,14.0,2.9444389791664403,0.14285714285714288,0.055555555555555566,0.11111111111111113,0,1.0,0,49.300000000000004,0.6666666666666666,0,1,0,0,0,0,0,1,0,0,1,1,0,0.0121,0,안전,Platinum
,1,5,5,23.0,3.295836866004329,0.10344827586206898,0.038461538461538464,0.07692307692307693,0,0.6666666666666666,1,80.0,0.3333333333333333,0,1,0,0,1,0,0,0,0,0,0,0,0,0.0003,0,안전,Platinum
,1,5,9,12.0,0.6931471805599453,0.75,1.0,2.0,0,1.6666666666666667,0,50.20333333333334,0.6666666666666666,0,1,0,0,0,0,0,1,0,0,1,1,1,0.9957,1,고위험,Risk
,3,4,2,12.0,1.6094379124341003,3.0000000000000004,1.2500000000000002,1.2500000000000002,0,0.5,0,31.795,0.6666666666666666,0,0,1,0,0,1,0,0,0,0,1,0,0,0.008,0,안전,Platinum
,3,4,5,19.0,2.772588722239781,0.16666666666666669,0.06666666666666668,0.13333333333333336,1,0.6666666666666666,0,80.0,0.3333333333333333,0,1,1,0,0,0,0,0,0,0,1,0,0,0.0012,0,안전,Platinum
,1,3,5,12.0,2.302585092994046,3.2941176470588234,0.7777777777777777,0.7777777777777777,0,0.5,0,18.10625,0.25,0,1,0,1,0,1,0,0,0,0,1,1,0,0.0069,0,안전,Platinum
C0811,3,4,3,15.0,2.0794415416798357,1.5000000000000004,0.7142857142857144,0.2857142857142858,0,0.3333333333333333,1,60.01666666666667,0.6666666666666666,0,1,1,0,0,1,0,0,0,1,0,1,0,0.0072,0,안전,Platinum
C0203,3,5,8,18.0,3.1780538303479458,0.46153846153846145,0.17391304347826084,0.08695652173913042,0,1.3333333333333333,0,80.0,0.6666666666666666,0,1,1,0,1,0,0,0,0,1,0,1,0,1e-04,0,안전,Platinum
,1,3,1,14.0,2.0794415416798357,1.1111111111111114,0.7142857142857144,0.1428571428571429,0,1.5,0,60.290000000000006,0.0,0,0,0,1,0,0,1,0,0,0,1,1,1,0.5159,1,주의,Silver
,1,6,6,14.0,3.4011973816621555,3.3,0.4137931034482758,0.3448275862068965,0,0.2727272727272727,0,21.818181818181817,0.45454545454545453,0,1,1,0,0,0,0,0,1,1,0,0,0,0.0048,0,안전,Platinum
,1,4,3,18.0,0.6931471805599453,0.75,1.0,2.0,1,1.6666666666666667,0,49.66,0.3333333333333333,0,1,0,1,0,0,0,1,0,1,0,0,1,0.9765,1,고위험,Risk
C0283,1,3,8,14.0,2.0794415416798357,4.500000000000001,1.285714285714286,0.8571428571428573,0,0.7142857142857143,0,34.285714285714285,0.42857142857142855,0,1,0,0,1,0,0,0,0,1,0,1,0,0.0117,0,안전,Platinum
,2,5,3,14.0,1.0986122886681098,2.9999999999999996,2.4999999999999996,0.9999999999999998,0,0.3333333333333333,1,58.120000000000005,0.6666666666666666,0,1,1,0,0,0,0,1,0,1,0,1,0,0.0148,0,안전,Platinum
,1,4,2,12.0,0.6931471805599453,2.4,3.0,3.0,0,1.25,0,32.99,0.25,0,0,0,1,0,0,1,0,0,1,0,1,0,0.0981,0,안전,VIP
,1,3,2,13.0,2.772588722239781,2.285714285714286,0.5333333333333334,0.33333333333333337,0,0.16666666666666666,1,22.78833333333333,0.0,0,0,0,0,0,0,0,1,0,0,1,0,0,0.0065,0,안전,Platinum
,1,4,2,14.0,2.302585092994046,3.5,1.5555555555555554,0.22222222222222218,0,1.3333333333333333,0,68.64999999999999,0.3333333333333333,0,0,1,0,0,0,0,0,0,0,1,1,0,0.0023,0,안전,Platinum
,3,3,4,14.0,3.4339872044851463,0.4375,0.23333333333333334,0.03333333333333333,1,1.0,0,109.52000000000001,0.0,1,1,1,0,0,0,0,0,0,0,0,1,0,0.0005,0,안전,Platinum
,3,4,5,20.0,3.091042453358316,0.125,0.04761904761904761,0.09523809523809522,0,1.0,0,51.586666666666666,0.3333333333333333,0,1,0,0,0,1,0,0,0,0,1,1,0,0.3442,0,관심,Gold
,1,5,3,14.0,2.0794415416798357,0.9000000000000002,0.42857142857142866,0.2857142857142858,0,1.3333333333333333,0,56.06666666666666,0.3333333333333333,0,1,1,0,0,1,0,0,0,0,1,1,0,0.003,0,안전,Platinum
,3,4,6,13.0,2.995732273553991,0.5217391304347827,0.15789473684210528,0.15789473684210528,1,1.25,0,58.1525,0.5,0,1,1,0,0,0,0,0,0,1,0,1,0,0.7171,1,주의,Silver
,1,1,7,18.0,1.0986122886681098,0.0,0.0,0.4999999999999999,0,1.5,0,62.254999999999995,0.0,0,1,0,1,0,0,1,0,0,1,0,1,0,0.0364,0,안전,Platinum
,1,4,10,13.0,3.1354942159291497,2.032258064516129,0.3181818181818182,0.36363636363636365,0,0.5555555555555556,0,16.51888888888889,0.8888888888888888,0,1,0,1,0,0,0,1,0,1,0,0,0,0.0004,0,안전,Platinum
,1,5,3,13.0,1.0986122886681098,2.0,1.4999999999999998,1.4999999999999998,1,0.25,0,40.9175,0.25,0,1,0,0,0,0,0,1,0,1,0,1,0,0.0236,0,안전,Platinum
,1,3,2,22.0,1.6094379124341003,0.33333333333333337,0.25000000000000006,0.25000000000000006,0,1.5,0,56.114999999999995,0.0,0,0,1,0,0,0,0,1,0,0,0,1,0,0.0115,0,안전,Platinum
,2,3,4,11.0,2.70805020110221,0.375,0.21428571428571427,0.07142857142857142,1,2.0,0,61.385000000000005,0.0,0,1,0,1,0,0,1,0,0,1,0,1,0,0.1474,0,안전,Platinum
,2,4,2,20.0,2.1972245773362196,0.818181818181818,0.37499999999999994,0.24999999999999994,0,0.6666666666666666,1,54.123333333333335,0.6666666666666666,0,0,1,0,0,0,0,1,0,0,0,1,0,0.004,0,안전,Platinum
,1,4,2,12.0,0.6931471805599453,2.4,3.0,3.0,0,1.25,0,32.99,0.25,0,0,0,1,0,0,1,0,0,0,0,1,0,0.0826,0,안전,VIP
,1,4,4,12.0,0.6931471805599453,0.75,1.0,2.0,0,1.0,0,53.28333333333333,0.3333333333333333,0,1,1,0,0,0,0,1,0,0,1,1,1,0.8584,1,위험,Risk
,1,3,19,23.0,2.302585092994046,0.0,0.0,0.11111111111111109,1,1.0,0,61.425,0.5,0,1,0,0,0,0,1,0,0,0,1,1,1,0.9894,1,고위험,Risk
,1,4,2,14.0,2.5649493574615367,1.6153846153846154,0.25,1.0833333333333333,0,0.07142857142857142,1,17.142857142857142,0.42857142857142855,0,0,0,0,0,0,0,0,1,1,0,1,0,0.0042,0,안전,Platinum
,2,2,2,18.0,0.6931471805599453,0.75,1.0,2.0,0,1.6666666666666667,0,51.52,0.6666666666666666,0,0,1,0,0,0,0,1,0,1,0,1,1,0.9587,1,고위험,Risk
,1,3,4,14.0,3.1780538303479458,0.4799999999999999,0.26086956521739124,0.04347826086956521,0,2.0,0,120.0,0.5,0,1,1,0,0,0,0,0,1,1,0,1,0,0.0003,0,안전,Platinum
,1,2,4,17.0,0.6931471805599453,2.25,3.0,2.0,0,1.6666666666666667,0,51.06333333333333,0.3333333333333333,0,1,1,0,0,0,0,1,0,1,0,1,0,0.012,0,안전,Platinum
,1,1,4,15.0,3.295836866004329,0.14285714285714285,0.07692307692307693,0.038461538461538464,0,0.5,1,85.025,0.0,0,1,1,0,0,0,0,0,0,1,0,1,0,0.0005,0,안전,Platinum
,1,4,2,20.0,2.1972245773362196,6.428571428571427,1.8749999999999996,0.6249999999999999,1,0.5,0,34.475,0.5,0,0,1,0,0,0,0,0,0,1,0,0,0,0.0065,0,안전,Platinum
,3,5,9,12.0,2.70805020110221,2.6666666666666665,0.8571428571428571,0.21428571428571427,0,0.25,1,58.3875,0.5,0,1,1,0,0,0,0,0,0,1,0,1,0,0.1253,0,안전,Platinum
,1,5,5,14.0,3.4657359027997265,0.6486486486486486,0.12903225806451613,0.16129032258064516,1,0.16666666666666666,0,40.0,0.5,1,1,1,0,1,0,0,0,0,0,1,0,0,0.0,0,안전,Platinum
C0678,3,4,2,14.0,2.772588722239781,3.5,0.46666666666666673,0.9333333333333335,1,0.2,0,15.298,0.4,0,0,1,0,0,0,0,0,0,1,0,0,0,0.0146,0,안전,Platinum
,3,3,1,12.0,1.9459101490553132,0.5000000000000001,0.33333333333333337,0.16666666666666669,0,1.5,0,85.52,0.0,0,0,1,0,0,1,0,0,0,1,0,1,0,0.0033,0,안전,Platinum
,1,4,4,14.0,3.2188758248682006,2.181818181818182,0.33333333333333337,0.33333333333333337,1,0.3333333333333333,0,26.666666666666668,0.5555555555555556,0,1,1,0,0,0,0,0,1,1,0,1,0,0.0017,0,안전,Platinum
C0690,1,3,5,13.0,2.302585092994046,0.5,0.22222222222222218,0.22222222222222218,0,1.0,0,41.81,0.6666666666666666,0,1,0,1,0,0,1,0,0,1,0,0,0,0.0108,0,안전,Platinum
C1033,1,4,4,12.0,1.0986122886681098,1.7999999999999996,1.4999999999999998,0.9999999999999998,0,1.6666666666666667,0,48.6,0.6666666666666666,0,1,0,1,0,0,0,1,0,0,1,1,0,0.2334,0,관심,Gold
,1,5,10,14.0,3.4011973816621555,0.09374999999999999,0.03448275862068965,0.0689655172413793,0,1.6666666666666667,0,80.0,0.3333333333333333,0,1,1,0,0,0,0,0,1,1,0,1,0,0.0004,0,안전,Platinum
,1,4,2,15.0,0.0,0.9090909090909091,10.0,10.0,1,1.5,0,62.83,0.0,0,0,0,0,0,0,1,0,0,1,0,1,0,0.4882,0,관심,Gold
C0066,1,4,9,14.0,3.091042453358316,3.7499999999999996,0.4285714285714285,0.6666666666666665,1,0.26666666666666666,0,16.0,0.5333333333333333,0,1,1,0,0,0,0,0,1,0,1,1,1,0.6264,1,주의,Silver
,1,4,2,11.0,2.5649493574615367,5.0,0.8333333333333334,0.9166666666666666,0,0.25,0,12.1275,0.16666666666666666,0,0,0,1,0,1,0,0,0,0,1,0,0,0.0006,0,안전,Platinum
,3,3,3,11.0,1.791759469228055,0.5714285714285714,0.4,0.2,0,2.0,0,69.655,0.5,0,1,0,1,0,0,0,1,0,0,0,0,0,0.0277,0,안전,Platinum
,3,4,6,23.0,3.4657359027997265,5.1063829787234045,0.4838709677419355,0.4838709677419355,0,0.25,0,15.0,0.1875,1,1,0,0,1,0,0,0,0,1,0,1,0,1e-04,0,안전,Platinum
,3,4,10,11.0,1.0986122886681098,2.0,1.9999999999999996,0.4999999999999999,0,1.5,0,79.345,0.5,0,1,1,0,0,1,0,0,0,0,1,1,0,0.0672,0,안전,Platinum
C0380,3,5,7,14.0,0.0,1.8181818181818181,20.0,20.0,1,0.3333333333333333,0,51.46666666666667,0.3333333333333333,0,1,1,0,0,1,0,0,0,1,0,1,1,0.9952,1,고위험,Risk
,3,3,2,18.0,0.0,6.363636363636363,70.0,70.0,1,0.125,0,19.76625,0.0,0,0,1,0,0,1,0,0,0,0,1,1,1,0.9878,1,고위험,Risk
C0619,2,2,6,14.0,3.4011973816621555,0.46874999999999994,0.17241379310344826,0.0689655172413793,1,1.3333333333333333,0,80.0,0.6666666666666666,0,1,1,0,0,0,0,0,1,1,0,1,0,0.003,0,안전,Platinum
,1,3,2,11.0,1.3862943611198906,7.0,3.3333333333333335,2.0,0,0.7142857142857143,0,18.674285714285713,0.7142857142857143,0,0,0,0,0,1,0,0,0,1,0,1,0,0.0714,0,안전,Platinum
C0647,1,4,1,15.0,2.5649493574615367,1.0,0.5833333333333334,0.08333333333333333,0,1.5,0,65.345,0.0,0,0,0,1,0,1,0,0,0,1,0,1,0,0.0013,0,안전,Platinum
C0235,1,5,3,14.0,2.302585092994046,0.9230769230769229,0.33333333333333326,0.33333333333333326,0,0.25,1,37.19,0.5,0,1,0,0,0,0,0,1,0,1,0,1,0,0.0028,0,안전,Platinum
,1,5,9,14.0,2.8903717578961645,4.800000000000001,0.8823529411764708,0.41176470588235303,0,0.375,0,30.0,0.5,0,1,1,0,0,0,0,0,1,1,0,0,0,0.0357,0,안전,Platinum
C0370,1,4,8,20.0,0.6931471805599453,2.25,3.0,2.0,1,1.0,0,54.92333333333334,0.3333333333333333,0,1,1,0,0,0,0,1,0,1,0,1,0,0.4654,0,관심,Gold
,1,4,3,13.0,2.3978952727983707,1.8461538461538458,0.7999999999999998,0.19999999999999996,0,1.3333333333333333,0,53.97333333333333,0.3333333333333333,0,1,0,0,0,0,0,1,0,1,0,1,0,0.0035,0,안전,Platinum
C0267,1,1,4,16.0,1.3862943611198906,2.8,2.3333333333333335,0.3333333333333333,0,1.5,0,76.47,0.5,0,1,1,0,0,1,0,0,0,1,0,1,0,1e-04,0,안전,Platinum
,1,3,7,13.0,2.995732273553991,0.6666666666666667,0.36842105263157904,0.05263157894736843,0,1.5,0,104.225,0.5,0,1,1,0,0,0,0,0,0,1,0,1,0,0.0072,0,안전,Platinum
C0864,1,3,3,12.0,2.3978952727983707,0.16666666666666663,0.09999999999999998,0.09999999999999998,1,2.0,0,70.985,0.0,0,1,0,1,0,1,0,0,0,0,1,1,0,0.0092,0,안전,Platinum
,1,5,6,16.0,2.6390573296152584,1.3125000000000002,0.5384615384615387,0.15384615384615388,0,1.6666666666666667,0,74.97,0.6666666666666666,0,1,1,0,0,0,0,0,0,1,0,1,0,0.0188,0,안전,Platinum
,1,2,5,17.0,1.6094379124341003,3.428571428571429,2.0000000000000004,0.5000000000000001,0,1.0,0,59.31333333333333,0.6666666666666666,0,1,1,0,0,1,0,0,0,1,0,1,0,0.0008,0,안전,Platinum
,3,3,5,22.0,3.4339872044851463,4.666666666666667,0.4666666666666667,0.4666666666666667,0,0.26666666666666666,0,16.0,0.2,1,1,0,0,1,0,0,0,0,1,0,1,0,0.0005,0,안전,Platinum
,2,3,1,11.0,2.0794415416798357,0.8888888888888891,0.5714285714285716,0.1428571428571429,1,2.0,0,60.739999999999995,0.0,0,0,0,1,0,0,1,0,0,1,0,0,1,0.5774,1,주의,Silver
,1,4,6,14.0,2.3978952727983707,0.857142857142857,0.29999999999999993,0.29999999999999993,0,0.75,0,37.6075,0.75,0,1,1,0,0,0,0,1,0,1,0,0,0,0.0035,0,안전,Platinum
,3,5,2,20.0,2.5649493574615367,0.6,0.25,0.16666666666666666,0,1.3333333333333333,0,51.330000000000005,0.3333333333333333,0,0,1,0,0,0,0,1,0,1,0,1,0,0.0016,0,안전,Platinum
,1,1,1,14.0,2.9444389791664403,0.7000000000000002,0.38888888888888895,0.055555555555555566,0,0.5,1,120.0,0.5,0,0,1,0,0,0,0,0,1,1,0,1,0,0.0044,0,안전,Platinum
,1,4,3,15.0,1.791759469228055,1.4999999999999998,0.8,0.4,0,1.0,0,53.25666666666667,0.3333333333333333,0,1,1,0,0,0,0,1,0,1,0,1,0,0.0018,0,안전,Platinum
,3,4,3,14.0,2.995732273553991,0.7619047619047621,0.42105263157894746,0.05263157894736843,0,2.0,0,120.0,0.5,0,1,1,0,0,0,0,0,1,0,0,0,0,0.0032,0,안전,Platinum
,1,5,3,16.0,1.3862943611198906,1.5,1.0,0.6666666666666666,1,0.3333333333333333,0,58.52,0.6666666666666666,0,1,1,0,0,1,0,0,0,1,0,1,0,0.0032,0,안전,Platinum
,1,3,2,17.0,2.833213344056216,1.0,0.5625,0.0625,0,1.5,0,87.55,0.5,0,0,1,0,0,0,0,0,0,1,0,1,0,0.0103,0,안전,Platinum
,1,5,3,21.0,2.302585092994046,3.2941176470588234,0.7777777777777777,0.7777777777777777,1,0.625,0,25.315,0.875,0,1,1,0,0,0,0,0,0,1,0,0,0,0.0105,0,안전,Platinum
,1,3,10,14.0,2.4849066497880004,0.0,0.0,0.09090909090909091,0,1.5,0,82.765,0.5,0,1,1,0,0,1,0,0,0,1,0,1,0,0.0013,0,안전,Platinum
,1,1,4,13.0,2.302585092994046,0.3636363636363636,0.22222222222222218,0.11111111111111109,1,2.5,0,77.81,0.0,0,1,0,0,0,1,0,0,0,1,0,1,0,0.0075,0,안전,Platinum
,3,5,5,13.0,2.1972245773362196,0.5454545454545453,0.24999999999999994,0.24999999999999994,1,0.3333333333333333,0,68.67666666666666,0.3333333333333333,0,1,1,0,0,1,0,0,0,1,0,0,0,0.0136,0,안전,Platinum
,1,3,2,14.0,1.6094379124341003,5.555555555555556,2.5000000000000004,1.0000000000000002,1,0.4,0,34.286,0.4,0,0,1,0,0,0,0,0,0,0,1,0,0,0.0057,0,안전,Platinum
,3,5,2,12.0,1.6094379124341003,0.0,0.0,0.25000000000000006,0,1.5,0,56.795,0.5,0,0,0,0,0,0,0,1,0,0,1,0,1,0.5525,1,주의,Silver
C0198,3,3,2,14.0,2.302585092994046,3.6842105263157894,0.7777777777777777,0.9999999999999998,0,0.2,1,19.98,0.1,0,0,0,0,0,0,0,0,0,0,1,1,0,0.0869,0,안전,Platinum
C0517,1,5,4,14.0,3.1354942159291497,0.46153846153846156,0.13636363636363635,0.13636363636363635,0,0.75,0,41.85,0.25,0,1,1,0,0,1,0,0,0,0,1,1,0,0.0003,0,안전,Platinum
C0554,1,2,3,17.0,0.6931471805599453,3.75,5.0,2.0,0,1.0,0,56.336666666666666,0.3333333333333333,0,1,1,0,0,0,0,1,0,1,0,1,0,0.0003,0,안전,Platinum
,1,5,5,21.0,0.6931471805599453,3.0,4.0,2.0,0,1.6666666666666667,0,55.946666666666665,0.3333333333333333,0,1,0,0,0,1,0,0,0,0,1,1,1,0.9948,1,고위험,Risk
,3,4,10,21.0,0.0,6.363636363636363,70.0,10.0,0,1.0,1,107.785,0.5,0,1,1,0,0,0,0,0,0,1,0,1,0,0.0714,0,안전,VIP
,3,4,3,22.0,2.1972245773362196,2.333333333333333,0.8749999999999998,0.37499999999999994,0,0.25,1,55.97,0.5,0,1,1,0,0,0,0,0,0,0,1,1,0,0.0387,0,안전,Platinum
,2,3,2,17.0,2.1972245773362196,0.7999999999999998,0.4999999999999999,0.12499999999999997,0,1.5,0,71.615,0.0,0,0,0,1,0,0,0,1,0,0,1,1,0,0.0084,0,안전,Platinum
C0740,1,3,2,14.0,1.6094379124341003,6.4,2.0000000000000004,3.750000000000001,0,0.1875,0,15.0,0.5625,0,0,1,0,0,0,0,0,1,0,0,0,1,0.7107,1,주의,Silver
,3,3,6,22.0,2.833213344056216,1.4210526315789473,0.5625,0.125,1,0.3333333333333333,0,80.0,0.0,0,1,1,0,1,0,0,0,0,1,0,0,0,0.0003,0,안전,Platinum
,3,3,5,13.0,1.6094379124341003,1.666666666666667,1.2500000000000002,0.25000000000000006,1,1.0,0,82.91,0.5,0,1,1,0,0,1,0,0,0,0,1,1,0,0.3153,0,관심,Gold
,1,4,3,17.0,2.70805020110221,0.875,0.5,0.07142857142857142,1,1.5,0,84.055,0.0,0,1,0,0,0,1,0,0,0,0,1,0,0,0.0055,0,안전,Platinum
C1013,1,5,3,16.0,0.6931471805599453,2.5,3.0,4.0,0,0.6,0,33.754000000000005,0.6,0,1,1,0,0,1,0,0,0,1,0,0,0,0.8169,1,위험,Risk
C0717,1,4,3,16.0,0.6931471805599453,6.125,7.0,6.0,1,0.2857142857142857,0,23.13,0.8571428571428571,0,1,1,0,0,0,0,1,0,0,0,1,1,0.8304,1,위험,Risk
C0120,3,4,9,14.0,1.791759469228055,1.4999999999999998,0.8,0.4,0,1.6666666666666667,0,59.44,0.3333333333333333,0,1,0,0,0,1,0,0,0,0,1,1,0,0.2544,0,관심,Gold
,1,3,6,11.0,2.772588722239781,3.5000000000000004,0.9333333333333335,0.2666666666666667,0,0.6,0,48.0,0.4,0,1,1,0,0,0,0,0,1,1,0,1,0,0.0004,0,안전,Platinum
,1,1,5,13.0,2.3978952727983707,2.88235294117647,0.6999999999999998,0.5999999999999999,1,0.7142857142857143,0,22.82,0.8571428571428571,0,1,1,0,0,1,0,0,0,1,0,1,0,0.0019,0,안전,Platinum
C0436,1,3,2,11.0,2.1972245773362196,0.19999999999999996,0.12499999999999997,0.12499999999999997,1,1.5,0,71.245,0.5,0,0,0,0,0,1,0,0,0,0,1,1,0,0.0531,0,안전,Platinum
,1,4,3,23.0,0.6931471805599453,1.5,2.0,2.0,0,1.0,0,45.74333333333333,0.3333333333333333,0,1,0,1,0,0,0,1,0,0,0,1,0,0.154,0,안전,Platinum
,3,4,6,14.0,2.3978952727983707,1.8461538461538458,0.7999999999999998,0.19999999999999996,0,0.6666666666666666,1,58.596666666666664,0.6666666666666666,0,1,0,0,0,1,0,0,0,1,0,1,0,0.0223,0,안전,Platinum
,1,4,5,12.0,2.772588722239781,0.16666666666666669,0.06666666666666668,0.13333333333333336,1,0.6666666666666666,0,57.553333333333335,0.6666666666666666,0,1,1,0,0,0,0,1,0,0,0,1,0,0.0061,0,안전,Platinum
,1,5,2,17.0,2.8903717578961645,1.0500000000000003,0.41176470588235303,0.11764705882352944,0,0.3333333333333333,1,75.56333333333333,0.3333333333333333,0,0,1,0,0,0,0,0,0,1,0,0,1,0.8342,1,위험,Risk
,1,4,6,23.0,1.3862943611198906,4.0,2.6666666666666665,0.6666666666666666,0,0.3333333333333333,1,50.04666666666666,0.6666666666666666,0,1,1,0,0,0,0,1,0,1,0,0,0,0.0166,0,안전,Platinum
C1060,3,4,2,22.0,0.6931471805599453,2.25,3.0,2.0,0,1.0,0,58.330000000000005,0.3333333333333333,0,0,1,0,0,1,0,0,0,1,0,0,0,0.4876,0,관심,Gold
C0313,1,3,1,13.0,1.791759469228055,1.7142857142857142,1.2,0.2,0,2.0,0,77.35,0.0,0,0,1,0,0,1,0,0,0,1,0,1,0,0.0016,0,안전,Platinum
,3,6,7,13.0,2.1972245773362196,0.9999999999999999,0.37499999999999994,0.37499999999999994,0,0.25,1,46.3225,0.5,0,1,1,0,0,1,0,0,0,0,1,0,0,0.8195,1,위험,Risk
,3,4,8,14.0,2.302585092994046,2.25,0.9999999999999998,0.22222222222222218,0,0.6666666666666666,1,67.74333333333333,0.3333333333333333,0,1,1,0,0,0,0,0,0,1,0,1,0,0.0208,0,안전,Platinum
,1,3,8,13.0,2.302585092994046,0.3636363636363636,0.22222222222222218,0.11111111111111109,0,2.0,0,75.655,0.5,0,1,0,0,0,1,0,0,0,1,0,0,0,0.0157,0,안전,Platinum
,1,5,3,13.0,0.6931471805599453,0.75,1.0,2.0,0,1.3333333333333333,0,45.870000000000005,0.3333333333333333,0,1,0,1,0,0,0,1,0,0,1,0,1,0.8074,1,위험,Risk
,1,4,4,12.0,2.0794415416798357,3.2307692307692317,1.0000000000000002,0.7142857142857144,0,0.5,0,21.28,0.8333333333333334,0,1,0,1,0,0,1,0,0,1,0,1,0,0.0117,0,안전,Platinum
,3,4,2,12.0,0.0,2.727272727272727,30.0,10.0,0,2.5,0,71.28,0.5,0,0,0,1,0,1,0,0,0,1,0,1,0,0.0691,0,안전,VIP
,2,1,10,15.0,2.5649493574615367,1.5,0.5,0.25,0,1.0,0,40.9725,0.0,0,1,1,0,0,1,0,0,0,1,0,0,0,0.0064,0,안전,Platinum
,1,3,4,14.0,2.70805020110221,0.25,0.14285714285714285,0.07142857142857142,0,2.5,0,60.31,0.0,0,1,0,1,0,0,1,0,0,0,1,1,0,0.3055,0,관심,Gold
,1,4,7,12.0,2.5649493574615367,0.6,0.25,0.16666666666666666,1,0.3333333333333333,0,54.81333333333333,0.3333333333333333,0,1,1,0,0,0,0,1,0,0,1,1,0,0.0152,0,안전,Platinum
C0285,3,3,1,12.0,2.6390573296152584,0.38095238095238104,0.07692307692307694,0.5384615384615387,0,0.625,0,19.34125,0.875,0,0,1,0,0,1,0,0,0,1,0,1,0,0.0018,0,안전,Platinum
,1,4,4,17.0,2.0794415416798357,0.0,0.0,0.1428571428571429,0,0.5,1,64.895,0.0,0,1,0,0,0,0,1,0,0,1,0,1,0,0.0271,0,안전,Platinum
C0148,3,6,7,13.0,2.1972245773362196,0.9999999999999999,0.37499999999999994,0.37499999999999994,0,0.25,1,46.3225,0.75,0,1,1,0,0,1,0,0,0,0,1,0,0,0.815,1,위험,Risk
,1,4,2,14.0,0.0,2.727272727272727,30.0,10.0,1,1.5,0,64.07,0.5,0,0,0,0,0,0,1,0,0,1,0,0,0,0.3019,0,관심,Gold
,3,1,2,21.0,2.0794415416798357,3.333333333333334,1.1428571428571432,0.5714285714285716,0,0.6,0,33.598,0.4,0,0,1,0,0,1,0,0,0,1,0,1,0,0.0002,0,안전,Platinum
,1,4,11,13.0,2.772588722239781,1.6842105263157894,0.5333333333333334,0.2,1,0.75,0,37.4025,0.25,0,1,1,0,0,0,0,1,0,1,0,1,1,0.8873,1,위험,Risk
C0379,3,3,2,22.0,1.6094379124341003,0.6666666666666667,0.5000000000000001,0.25000000000000006,1,2.0,0,65.7,0.0,0,0,0,1,0,0,1,0,0,0,1,0,1,0.3631,0,관심,Gold
,1,5,2,19.0,2.5649493574615367,1.4,0.5833333333333334,0.16666666666666666,0,1.0,0,71.07666666666667,0.3333333333333333,0,0,1,0,0,0,0,0,0,0,0,0,0,0.0059,0,안전,Platinum
C0294,3,3,6,21.0,2.8903717578961645,0.31578947368421056,0.17647058823529416,0.05882352941176472,1,2.5,0,77.27,0.5,0,1,1,0,0,1,0,0,0,1,0,0,0,0.0297,0,안전,Platinum
,1,4,3,18.0,2.1972245773362196,1.8666666666666663,0.4999999999999999,0.7499999999999999,0,0.5714285714285714,0,28.962857142857143,0.2857142857142857,0,1,1,0,0,0,0,0,0,1,0,1,0,0.0146,0,안전,Platinum
,1,4,3,12.0,3.258096538021482,0.10714285714285714,0.039999999999999994,0.07999999999999999,0,0.6666666666666666,1,50.74333333333333,0.6666666666666666,0,1,1,0,0,0,0,1,0,0,0,1,0,0.0028,0,안전,Platinum
C1117,3,3,2,11.0,1.0986122886681098,0.0,0.0,0.4999999999999999,0,1.5,0,63.209999999999994,0.0,0,0,0,1,0,0,1,0,0,0,1,1,0,0.4081,0,관심,Gold
,3,4,5,19.0,3.4339872044851463,3.5,0.36666666666666664,0.43333333333333335,0,0.35714285714285715,0,14.475714285714286,0.21428571428571427,1,1,0,0,0,0,0,0,0,1,0,0,0,0.0037,0,안전,Platinum
,1,4,10,23.0,0.6931471805599453,2.25,3.0,2.0,0,1.3333333333333333,0,53.656666666666666,0.6666666666666666,0,1,1,0,0,0,0,1,0,0,1,1,0,0.2113,0,관심,Gold
C0289,1,4,3,14.0,1.9459101490553132,2.6666666666666665,1.3333333333333335,0.33333333333333337,0,1.3333333333333333,0,49.56666666666666,0.3333333333333333,0,1,0,1,0,0,0,1,0,1,0,0,0,0.0083,0,안전,Platinum
,1,4,1,12.0,2.0794415416798357,0.6666666666666669,0.42857142857142866,0.1428571428571429,0,1.5,0,60.935,0.0,0,0,0,1,0,0,1,0,0,1,0,0,0,0.0158,0,안전,Platinum
,3,3,8,23.0,1.3862943611198906,5.090909090909091,2.3333333333333335,2.3333333333333335,0,0.25,1,19.13,0.5,0,1,1,0,0,1,0,0,0,1,0,1,0,0.0009,0,안전,VIP
C0536,1,5,6,13.0,0.0,1.8181818181818181,20.0,20.0,1,0.6666666666666666,0,44.879999999999995,0.6666666666666666,0,1,0,1,0,0,1,0,0,0,0,1,1,0.9924,1,고위험,Risk
,1,4,3,13.0,2.4849066497880004,10.08,1.6363636363636365,1.1818181818181819,0,0.35714285714285715,0,11.095714285714285,0.7857142857142857,0,1,1,0,0,0,0,1,0,1,0,0,0,0.007,0,안전,Platinum
,1,1,2,13.0,0.0,0.0,0.0,10.0,1,0.5,0,64.675,0.0,0,0,0,0,0,0,1,0,0,1,0,1,0,0.5967,1,주의,Silver
,3,3,3,15.0,3.258096538021482,0.0,0.0,0.039999999999999994,0,0.5,1,67.41,0.5,0,1,0,0,0,0,1,0,0,1,0,1,0,0.019,0,안전,Platinum
C0488,1,1,3,13.0,3.367295829986474,0.0,0.0,0.4285714285714285,0,0.15384615384615385,1,18.46153846153846,0.07692307692307693,0,1,1,0,1,0,0,0,0,1,0,1,0,0.001,0,안전,Platinum
,3,3,8,13.0,1.6094379124341003,1.0000000000000002,0.7500000000000002,0.25000000000000006,0,2.5,0,76.66,0.5,0,1,0,0,0,1,0,0,0,0,1,1,0,0.0258,0,안전,Platinum
,3,1,1,18.0,3.4339872044851463,0.5625,0.3,0.03333333333333333,1,0.5,0,76.1,0.0,1,0,1,0,0,1,0,0,0,1,0,1,0,0.0,0,안전,Platinum
,1,4,3,21.0,2.302585092994046,0.75,0.33333333333333326,0.22222222222222218,0,0.3333333333333333,1,54.72333333333333,0.3333333333333333,0,1,1,0,0,0,0,1,0,1,0,1,0,0.0045,0,안전,Platinum
,1,3,2,14.0,0.0,1.8181818181818181,20.0,10.0,0,2.5,0,62.5,0.5,0,0,0,1,0,0,1,0,0,1,0,1,0,0.109,0,안전,Platinum
,1,4,3,12.0,2.1972245773362196,1.636363636363636,0.7499999999999999,0.24999999999999994,0,0.6666666666666666,1,68.26,0.3333333333333333,0,1,1,0,0,0,0,0,0,0,0,0,1,0.607,1,주의,Silver
,3,4,3,15.0,2.0794415416798357,3.000000000000001,1.4285714285714288,0.2857142857142858,0,1.0,0,59.95666666666667,0.3333333333333333,0,1,1,0,0,1,0,0,0,0,1,1,0,0.0046,0,안전,Platinum
,1,4,3,14.0,0.6931471805599453,0.75,1.0,2.0,0,1.6666666666666667,0,49.47,0.6666666666666666,0,1,0,1,0,0,0,1,0,1,0,0,0,0.6156,1,주의,Silver
,3,3,5,13.0,2.302585092994046,1.2727272727272725,0.7777777777777777,0.11111111111111109,0,1.0,1,75.395,0.5,0,1,0,0,0,1,0,0,0,1,0,1,0,0.0178,0,안전,Platinum
,1,3,2,17.0,2.0794415416798357,0.0,0.0,0.2857142857142858,1,1.0,0,46.050000000000004,0.6666666666666666,0,0,0,0,0,0,0,1,0,1,0,1,0,0.309,0,관심,Gold
,1,4,4,13.0,2.70805020110221,3.130434782608696,0.5714285714285714,0.5714285714285714,0,0.5555555555555556,0,18.83111111111111,0.8888888888888888,0,1,1,0,0,1,0,0,0,1,0,0,0,0.0073,0,안전,Platinum
,3,3,2,21.0,2.0794415416798357,0.30000000000000004,0.1428571428571429,0.2857142857142858,0,0.3333333333333333,1,66.29333333333334,0.3333333333333333,0,0,1,0,0,0,0,0,0,0,1,1,0,0.0086,0,안전,Platinum
,3,3,3,14.0,3.332204510175204,0.3448275862068966,0.1851851851851852,0.03703703703703704,0,2.5,0,79.7,0.5,0,1,1,0,0,1,0,0,0,1,0,0,0,0.0002,0,안전,Platinum
,1,4,11,14.0,3.295836866004329,0.5172413793103449,0.19230769230769232,0.07692307692307693,0,1.6666666666666667,0,51.5,0.6666666666666666,0,1,1,0,0,0,0,1,0,1,0,0,0,0.0004,0,안전,Platinum
,1,3,3,12.0,0.6931471805599453,3.75,5.0,2.0,1,0.6666666666666666,0,50.75,0.3333333333333333,0,1,1,0,0,0,0,1,0,0,0,1,0,0.1541,0,안전,Platinum
,1,4,3,16.0,0.6931471805599453,6.125,7.0,6.0,1,0.14285714285714285,0,23.13,0.7142857142857143,0,1,1,0,0,0,0,1,0,1,0,1,1,0.8183,1,위험,Risk
C0080,1,4,8,14.0,2.5649493574615367,0.4,0.16666666666666666,0.16666666666666666,1,1.0,0,51.85666666666666,0.3333333333333333,0,1,1,0,0,0,0,1,0,0,0,1,0,0.1995,0,안전,Platinum
,3,4,4,12.0,3.258096538021482,1.1666666666666665,0.27999999999999997,0.15999999999999998,0,0.8,0,46.192,0.2,0,1,0,0,0,0,0,0,0,0,0,1,0,1e-04,0,안전,Platinum
C0644,1,4,5,19.0,2.0794415416798357,0.9000000000000002,0.42857142857142866,0.2857142857142858,0,0.3333333333333333,1,53.17333333333334,0.6666666666666666,0,1,1,0,0,0,0,1,0,0,1,0,0,0.0015,0,안전,Platinum
,1,5,2,16.0,2.6390573296152584,1.5000000000000004,0.6153846153846155,0.15384615384615388,0,1.0,0,51.89666666666667,0.3333333333333333,0,0,1,0,0,1,0,0,0,1,0,1,0,0.0013,0,안전,Platinum
,1,6,2,13.0,1.791759469228055,1.8749999999999998,1.0,0.4,0,1.0,0,56.15,0.3333333333333333,0,0,0,0,0,1,0,0,0,1,0,1,0,0.0014,0,안전,Platinum
,1,4,3,12.0,2.6390573296152584,1.5000000000000004,0.6153846153846155,0.15384615384615388,0,1.0,0,54.18333333333334,0.3333333333333333,0,1,0,0,0,0,0,1,0,0,0,0,0,0.0022,0,안전,Platinum
,3,3,2,14.0,1.791759469228055,3.111111111111111,1.4,0.6,0,0.5,1,47.495,0.5,0,0,0,0,0,0,0,0,0,0,1,0,0,0.047,0,안전,Platinum
,1,6,3,22.0,1.791759469228055,5.333333333333333,1.6,1.8,0,0.5,0,17.503,0.2,0,1,0,0,0,1,0,0,0,1,0,1,0,0.0016,0,안전,Platinum
,1,4,4,14.0,2.9444389791664403,0.5714285714285715,0.22222222222222227,0.11111111111111113,1,0.3333333333333333,0,63.21666666666667,0.3333333333333333,0,1,1,0,0,1,0,0,0,1,0,1,0,0.0005,0,안전,Platinum
,2,4,8,13.0,3.044522437723423,2.074074074074074,0.4,0.3,0,0.7142857142857143,0,22.747142857142855,0.42857142857142855,0,1,1,0,0,0,0,1,0,0,1,0,0,0.0071,0,안전,Platinum
,1,4,2,18.0,2.3978952727983707,4.499999999999999,1.1999999999999997,0.4999999999999999,1,0.3333333333333333,0,31.810000000000002,0.8333333333333334,0,0,1,0,0,1,0,0,0,0,0,1,0,0.0006,0,안전,Platinum
,1,3,1,14.0,2.8903717578961645,1.0526315789473686,0.5882352941176472,0.05882352941176472,1,0.5,0,120.0,0.5,0,0,1,0,0,0,0,0,1,1,0,0,0,0.0041,0,안전,Platinum
,3,3,1,16.0,2.1972245773362196,0.7999999999999998,0.4999999999999999,0.12499999999999997,0,2.5,0,50.0,0.0,0,0,1,0,0,1,0,0,0,1,0,1,0,0.0077,0,안전,Platinum
,1,5,7,17.0,0.6931471805599453,1.5,2.0,2.0,0,1.3333333333333333,0,50.153333333333336,0.3333333333333333,0,1,1,0,0,0,0,1,0,0,0,0,1,0.8834,1,위험,Risk
,1,4,5,13.0,2.3978952727983707,1.8461538461538458,0.7999999999999998,0.19999999999999996,0,1.0,0,65.31333333333333,0.6666666666666666,0,1,1,0,0,0,0,0,0,1,0,0,0,0.062,0,안전,Platinum
,3,3,8,12.0,2.6390573296152584,0.4000000000000001,0.23076923076923084,0.07692307692307694,0,2.0,0,78.575,0.0,0,1,1,0,0,1,0,0,0,1,0,0,0,0.0212,0,안전,Platinum
,1,4,4,17.0,2.70805020110221,0.1764705882352941,0.07142857142857142,0.14285714285714285,1,1.6666666666666667,0,63.38666666666666,0.6666666666666666,0,1,1,0,0,1,0,0,0,1,0,0,0,0.0298,0,안전,Platinum
,1,5,2,12.0,1.6094379124341003,0.33333333333333337,0.25000000000000006,0.25000000000000006,0,1.5,0,61.465,0.0,0,0,0,1,0,0,1,0,0,0,1,1,1,0.6509,1,주의,Silver
,1,3,5,11.0,3.1780538303479458,0.15999999999999998,0.08695652173913042,0.04347826086956521,1,2.5,0,120.0,0.5,0,1,1,0,1,0,0,0,0,0,0,0,0,1e-04,0,안전,Platinum
,1,4,10,13.0,2.772588722239781,0.23529411764705882,0.13333333333333336,0.06666666666666668,1,1.0,0,80.31,0.0,0,1,1,0,0,1,0,0,0,0,0,0,0,0.0012,0,안전,Platinum
,1,3,7,24.0,2.833213344056216,0.0,0.0,0.0625,0,2.5,0,120.0,0.5,0,1,1,0,1,0,0,0,0,0,0,1,0,0.0193,0,안전,Platinum
,1,3,10,14.0,0.0,1.8181818181818181,20.0,20.0,1,0.3333333333333333,0,49.29,0.6666666666666666,0,1,0,1,0,0,0,1,0,1,0,1,1,0.9875,1,고위험,Risk
,3,3,1,22.0,3.2188758248682006,0.0,0.0,0.04166666666666667,1,0.5,0,77.205,0.0,0,0,1,0,0,1,0,0,0,0,1,1,0,1e-04,0,안전,Platinum
,3,5,7,19.0,2.5649493574615367,0.2857142857142857,0.16666666666666666,0.08333333333333333,0,1.5,0,78.68,0.0,0,1,0,0,0,1,0,0,0,1,0,0,0,0.0139,0,안전,Platinum
,1,3,8,15.0,2.6390573296152584,3.0588235294117654,1.0000000000000002,0.23076923076923084,0,0.75,0,58.0925,1.0,0,1,1,0,1,0,0,0,0,0,1,0,0,0.0017,0,안전,Platinum
,3,3,2,12.0,0.0,2.727272727272727,30.0,10.0,1,1.5,0,71.3,0.0,0,0,0,1,0,1,0,0,0,1,0,0,0,0.0204,0,안전,VIP
C0414,1,3,2,16.0,1.6094379124341003,0.8571428571428572,0.5000000000000001,0.5000000000000001,0,1.0,0,40.69,0.6666666666666666,0,0,0,1,0,0,1,0,0,1,0,1,0,0.0154,0,안전,Platinum
C1116,1,5,7,16.0,3.2188758248682006,1.3333333333333333,0.5000000000000001,0.08333333333333334,0,1.6666666666666667,0,80.0,0.3333333333333333,0,1,1,0,0,0,0,0,0,1,0,0,0,0.001,0,안전,Platinum
,1,5,2,18.0,0.6931471805599453,4.166666666666667,5.0,4.0,0,0.2,1,31.324,0.2,0,0,0,0,0,0,0,1,0,1,0,1,0,0.0307,0,안전,VIP
,1,4,5,14.0,2.9444389791664403,8.470588235294118,1.0000000000000002,0.8333333333333335,0,0.3125,0,15.0,0.1875,0,1,1,0,1,0,0,0,0,1,0,1,0,0.0006,0,안전,Platinum
,3,4,10,16.0,2.995732273553991,0.27272727272727276,0.10526315789473686,0.10526315789473686,0,1.0,0,57.833333333333336,0.3333333333333333,0,1,1,0,0,1,0,0,0,0,1,0,0,0.0329,0,안전,Platinum
,3,5,3,15.0,3.295836866004329,1.7586206896551726,0.6538461538461539,0.07692307692307693,0,1.6666666666666667,0,80.0,0.6666666666666666,0,1,1,0,1,0,0,0,0,0,0,1,0,0.0002,0,안전,Platinum
,1,5,3,15.0,0.6931471805599453,6.0,8.0,2.0,1,1.0,0,49.553333333333335,0.3333333333333333,0,1,0,0,0,0,0,1,0,1,0,0,1,0.5705,1,주의,Silver
,3,5,6,23.0,2.5649493574615367,0.8,0.3333333333333333,0.16666666666666666,0,0.3333333333333333,1,70.62,0.3333333333333333,0,1,1,0,0,1,0,0,0,0,1,0,0,0.0158,0,안전,Platinum
,3,3,2,14.0,2.1972245773362196,1.5999999999999996,0.9999999999999998,0.12499999999999997,0,1.5,0,93.945,0.5,0,0,0,0,0,0,0,0,0,0,1,0,0,0.0053,0,안전,Platinum
,3,3,5,13.0,4.110873864173311,0.0,0.0,0.016666666666666663,1,0.5,0,120.0,0.5,1,1,1,0,1,0,0,0,0,1,0,0,0,0.0,0,안전,Platinum
,3,3,4,17.0,3.044522437723423,0.18181818181818182,0.1,0.05,1,1.5,0,72.955,0.5,0,1,0,1,0,1,0,0,0,1,0,0,0,0.0016,0,안전,Platinum
,1,3,2,13.0,0.0,1.8181818181818181,20.0,20.0,1,1.0,0,44.803333333333335,0.6666666666666666,0,0,0,1,0,0,1,0,0,0,1,1,1,0.9729,1,고위험,Risk
,1,4,3,14.0,0.6931471805599453,3.0,4.0,2.0,1,0.3333333333333333,0,54.199999999999996,0.6666666666666666,0,1,0,0,0,0,0,1,0,0,1,0,0,0.1543,0,안전,Platinum
,3,4,3,12.0,2.6390573296152584,0.0,0.0,0.07692307692307694,0,2.0,0,98.525,0.0,0,1,1,0,0,0,0,0,0,1,0,1,0,0.0471,0,안전,Platinum
,1,5,3,12.0,0.6931471805599453,0.75,1.0,2.0,1,1.6666666666666667,0,49.39666666666667,0.3333333333333333,0,1,0,1,0,0,0,1,0,1,0,0,1,0.9625,1,고위험,Risk
,1,3,5,21.0,2.3978952727983707,0.0,0.0,0.09999999999999998,0,2.0,0,65.11,0.0,0,1,0,1,0,0,1,0,0,1,0,1,0,0.0619,0,안전,Platinum
,1,4,4,19.0,2.3978952727983707,0.46153846153846145,0.19999999999999996,0.19999999999999996,0,0.6666666666666666,1,57.26,0.3333333333333333,0,1,1,0,0,0,0,1,0,0,1,1,0,0.0088,0,안전,Platinum
,1,3,2,12.0,1.6094379124341003,1.0000000000000002,0.7500000000000002,0.25000000000000006,0,2.5,0,70.74,0.5,0,0,0,0,0,1,0,0,0,0,0,0,0,0.005,0,안전,Platinum
,1,3,6,14.0,3.4339872044851463,2.857142857142857,0.3333333333333333,0.36666666666666664,0,0.4166666666666667,0,20.0,0.08333333333333333,1,1,1,0,0,0,0,0,1,1,0,0,0,0.0006,0,안전,Platinum
,3,4,3,15.0,2.70805020110221,4.5,0.6428571428571429,0.9285714285714286,0,0.2857142857142857,0,17.142857142857142,0.9285714285714286,0,1,1,0,0,0,0,0,1,0,1,1,0,0.0197,0,안전,Platinum
,3,5,5,19.0,2.8903717578961645,0.5714285714285715,0.17647058823529416,0.17647058823529416,0,0.25,1,48.26,0.5,0,1,0,0,0,1,0,0,0,1,0,1,0,0.0105,0,안전,Platinum
C0252,1,3,5,24.0,3.044522437723423,0.0,0.0,0.05,0,1.5,0,62.394999999999996,0.5,0,1,0,1,0,0,1,0,0,0,1,1,1,0.8773,1,위험,Risk
C0581,3,5,2,20.0,2.0794415416798357,1.090909090909091,0.42857142857142866,0.42857142857142866,0,0.5,1,37.105,0.75,0,0,0,0,0,0,0,1,0,0,1,0,0,0.0561,0,안전,Platinum
,1,4,2,18.0,2.1972245773362196,1.3636363636363633,0.6249999999999999,0.24999999999999994,0,0.6666666666666666,1,67.52,0.6666666666666666,0,0,0,0,0,1,0,0,0,0,1,1,0,0.0008,0,안전,Platinum
,3,4,3,20.0,0.6931471805599453,0.75,1.0,2.0,1,1.0,0,47.25,0.6666666666666666,0,1,0,1,0,0,0,1,0,0,1,1,1,0.9986,1,고위험,Risk
,3,4,11,12.0,2.302585092994046,4.705882352941177,1.111111111111111,0.7777777777777777,0,0.375,0,21.52125,0.5,0,1,1,0,0,1,0,0,0,0,0,1,0,0.0086,0,안전,Platinum
,3,3,2,15.0,0.0,6.363636363636363,70.0,10.0,0,1.5,0,93.63,0.5,0,0,0,0,0,0,0,0,0,0,1,1,0,0.1886,0,안전,Platinum
,1,3,4,19.0,1.6094379124341003,0.6666666666666667,0.5000000000000001,0.25000000000000006,1,0.5,0,61.78,0.0,0,1,0,1,0,0,1,0,0,1,0,1,0,0.0926,0,안전,Platinum
,1,1,6,12.0,1.791759469228055,0.8571428571428571,0.6,0.2,0,1.5,0,75.875,0.5,0,1,1,0,0,1,0,0,0,0,0,0,0,0.0021,0,안전,Platinum
,1,3,2,18.0,0.0,0.9090909090909091,10.0,10.0,0,1.5,0,74.415,0.5,0,0,0,1,0,1,0,0,0,0,0,1,1,0.8022,1,위험,Risk
,1,5,10,14.0,2.833213344056216,0.31578947368421056,0.125,0.125,0,0.3333333333333333,1,80.0,0.6666666666666666,0,1,1,0,0,0,0,0,1,0,1,1,0,0.0027,0,안전,Platinum
,1,3,3,16.0,2.772588722239781,0.23529411764705882,0.13333333333333336,0.06666666666666668,0,1.5,0,76.325,0.0,0,1,0,0,0,1,0,0,0,1,0,0,0,0.0015,0,안전,Platinum
,1,4,3,14.0,2.6390573296152584,2.5000000000000004,0.6923076923076925,0.30769230769230776,1,1.0,0,46.760000000000005,0.4,0,1,0,0,0,0,0,0,0,0,1,0,0,0.0688,0,안전,Platinum
,1,3,2,13.0,0.0,1.8181818181818181,20.0,10.0,1,1.0,0,63.295,0.0,0,0,0,1,0,0,1,0,0,0,0,0,0,0.5086,1,주의,Silver
,1,5,10,25.0,1.9459101490553132,1.3333333333333333,0.6666666666666667,0.33333333333333337,0,0.3333333333333333,1,73.92999999999999,0.6666666666666666,0,1,1,0,0,1,0,0,0,0,1,1,0,0.0003,0,안전,Platinum
C0999,3,4,4,12.0,1.791759469228055,1.8749999999999998,1.0,0.4,1,0.3333333333333333,0,63.61000000000001,0.6666666666666666,0,1,1,0,0,1,0,0,0,1,0,0,0,0.0369,0,안전,Platinum
,1,6,4,21.0,1.6094379124341003,1.2857142857142858,0.7500000000000002,0.5000000000000001,0,0.6666666666666666,1,61.97,0.3333333333333333,0,1,1,0,0,1,0,0,0,0,1,0,0,0.0397,0,안전,Platinum
C1035,1,3,2,14.0,3.1354942159291497,2.3571428571428577,0.5,0.22727272727272727,0,0.8333333333333334,0,27.611666666666665,0.8333333333333334,0,0,1,0,0,1,0,0,0,1,0,0,0,0.0004,0,안전,Platinum
,3,5,9,18.0,0.0,1.8181818181818181,20.0,20.0,0,1.6666666666666667,0,49.89666666666667,0.3333333333333333,0,1,0,0,0,1,0,0,0,0,1,1,1,0.9941,1,고위험,Risk
C0932,1,4,3,16.0,0.6931471805599453,7.111111111111111,8.0,7.0,1,0.375,0,23.34875,0.5,0,1,1,0,0,1,0,0,0,0,0,1,1,0.9716,1,고위험,Risk
C0334,3,3,1,19.0,1.6094379124341003,0.6666666666666667,0.5000000000000001,0.25000000000000006,0,1.5,0,65.335,0.5,0,0,0,1,0,0,1,0,0,1,0,1,0,0.0016,0,안전,Platinum
C0329,1,4,5,20.0,1.791759469228055,1.1249999999999998,0.6,0.4,1,0.6666666666666666,0,49.52,0.6666666666666666,0,1,0,1,0,0,0,1,0,0,0,1,0,0.1358,0,안전,Platinum
,1,4,6,18.0,2.4849066497880004,0.6428571428571429,0.2727272727272727,0.18181818181818182,0,0.3333333333333333,1,66.63666666666667,0.6666666666666666,0,1,1,0,0,0,0,0,0,0,1,0,0,0.0027,0,안전,Platinum
,3,3,11,12.0,3.4339872044851463,0.9411764705882353,0.26666666666666666,0.1,0,1.25,0,60.0,0.75,1,1,0,0,1,0,0,0,0,0,0,0,0,0.0004,0,안전,Platinum
,1,4,3,14.0,2.833213344056216,7.172413793103448,1.0,0.75,0,0.07692307692307693,1,18.46153846153846,0.07692307692307693,0,1,1,0,0,0,0,0,1,1,0,1,0,0.0022,0,안전,Platinum
,3,4,10,15.0,3.044522437723423,4.594594594594594,0.5,0.8,0,0.29411764705882354,0,14.117647058823529,0.4117647058823529,0,1,1,0,1,0,0,0,0,1,0,0,0,0.0085,0,안전,Platinum
,3,1,5,11.0,1.6094379124341003,4.666666666666667,1.7500000000000004,1.7500000000000004,0,0.125,1,21.16125,0.375,0,1,1,0,0,1,0,0,0,1,0,1,0,0.0011,0,안전,Platinum
,1,3,3,11.0,0.0,0.0,0.0,10.0,1,2.5,0,65.86,0.0,0,1,0,0,0,0,1,0,0,0,1,1,1,0.9983,1,고위험,Risk
,1,3,3,19.0,0.6931471805599453,2.25,3.0,2.0,0,1.0,0,53.35,0.6666666666666666,0,1,1,0,0,0,0,1,0,0,1,1,0,0.175,0,안전,Platinum
,1,4,5,23.0,2.1972245773362196,0.27272727272727265,0.12499999999999997,0.24999999999999994,1,1.0,0,52.20333333333334,0.3333333333333333,0,1,0,0,0,0,0,1,0,1,0,1,1,0.9338,1,위험,Risk
,1,3,2,15.0,1.0986122886681098,1.0,0.9999999999999998,0.4999999999999999,0,0.5,1,68.8,0.5,0,0,0,1,0,0,0,1,0,1,0,0,0,0.0043,0,안전,Platinum
,1,4,8,14.0,2.833213344056216,4.260869565217392,0.875,0.375,0,0.42857142857142855,0,34.285714285714285,0.8571428571428571,0,1,1,0,0,0,0,0,1,1,0,0,0,0.0079,0,안전,Platinum
,1,4,8,15.0,3.367295829986474,0.3999999999999999,0.07142857142857142,0.21428571428571425,0,0.7142857142857143,0,34.285714285714285,0.42857142857142855,0,1,0,0,1,0,0,0,0,0,1,1,0,0.0002,0,안전,Platinum
,3,4,5,15.0,3.4657359027997265,0.4411764705882353,0.16129032258064516,0.06451612903225806,1,0.6666666666666666,0,80.0,0.3333333333333333,1,1,1,0,0,0,0,0,0,0,0,1,0,0.0003,0,안전,Platinum
,1,4,7,15.0,2.1972245773362196,1.0909090909090906,0.4999999999999999,0.24999999999999994,0,1.6666666666666667,0,51.653333333333336,0.6666666666666666,0,1,0,0,0,0,0,1,0,1,0,1,0,0.0911,0,안전,Platinum
,1,4,1,15.0,3.1780538303479458,2.871794871794872,0.3043478260869565,0.6521739130434782,0,0.1875,0,15.0,0.1875,0,0,1,0,1,0,0,0,0,0,0,1,0,0.0002,0,안전,Platinum
,1,4,3,15.0,2.4849066497880004,0.3076923076923077,0.18181818181818182,0.09090909090909091,0,2.5,0,81.44,0.5,0,1,0,0,0,1,0,0,0,1,0,1,0,0.0093,0,안전,Platinum
C0060,1,4,1,15.0,2.302585092994046,0.3636363636363636,0.22222222222222218,0.11111111111111109,0,1.5,0,71.87,0.5,0,0,0,0,0,1,0,0,0,1,0,0,0,0.0012,0,안전,Platinum
,3,1,2,21.0,2.0794415416798357,3.333333333333334,1.1428571428571432,0.5714285714285716,0,0.6,0,33.598,0.0,0,0,1,0,0,1,0,0,0,1,0,1,0,0.0003,0,안전,Platinum
,1,3,2,15.0,1.791759469228055,3.5,1.4,0.8,0,0.2,1,30.618000000000002,0.2,0,0,0,0,0,1,0,0,0,1,0,1,0,0.0003,0,안전,Platinum
,1,3,2,14.0,3.1354942159291497,0.3333333333333333,0.18181818181818182,0.045454545454545456,0,2.5,0,66.055,0.5,0,0,0,1,0,0,1,0,0,1,0,0,0,0.0002,0,안전,Platinum
,1,4,9,14.0,3.044522437723423,0.5,0.15,0.15,1,0.25,0,60.0,0.5,0,1,1,0,0,0,0,0,1,1,0,1,0,0.0497,0,안전,Platinum
,1,1,7,12.0,2.4849066497880004,3.75,1.0909090909090908,0.36363636363636365,1,1.0,0,31.96,0.0,0,1,0,0,0,1,0,0,0,0,1,0,0,0.0162,0,안전,Platinum
C0576,3,4,5,25.0,0.6931471805599453,7.111111111111111,8.0,7.0,1,0.125,0,21.35125,0.75,0,1,0,0,0,1,0,0,0,0,1,1,1,0.9989,1,고위험,Risk
,1,3,4,19.0,3.367295829986474,0.5333333333333332,0.2857142857142857,0.03571428571428571,1,1.0,0,77.075,0.5,0,1,1,0,0,1,0,0,0,0,0,1,0,0.0002,0,안전,Platinum
C0631,1,3,2,11.0,2.0794415416798357,0.44444444444444453,0.2857142857142858,0.1428571428571429,1,1.5,0,64.68,0.5,0,0,0,1,0,0,1,0,0,0,1,1,1,0.8965,1,위험,Risk
,3,4,3,19.0,0.6931471805599453,6.0,8.0,2.0,0,1.3333333333333333,0,62.379999999999995,0.3333333333333333,0,1,1,0,0,1,0,0,0,1,0,0,0,0.0242,0,안전,Platinum
C0574,3,3,3,11.0,1.791759469228055,0.8571428571428571,0.6,0.2,0,0.5,1,72.015,0.0,0,1,0,1,0,1,0,0,0,1,0,1,0,0.0065,0,안전,Platinum
,3,5,3,13.0,0.6931471805599453,3.0,4.0,2.0,0,1.6666666666666667,0,55.85333333333333,0.6666666666666666,0,1,1,0,0,1,0,0,0,0,0,1,0,0.0706,0,안전,Platinum
,3,3,2,19.0,2.70805020110221,0.8888888888888888,0.2857142857142857,0.21428571428571427,0,1.0,0,60.0,0.25,0,0,1,0,1,0,0,0,0,0,1,1,0,0.0077,0,안전,Platinum
,3,4,3,13.0,0.6931471805599453,3.0,4.0,2.0,1,1.0,0,55.54,0.6666666666666666,0,1,1,0,0,1,0,0,0,0,0,0,0,0.0573,0,안전,Platinum
,3,3,5,12.0,2.9444389791664403,0.20000000000000004,0.11111111111111113,0.055555555555555566,1,2.5,0,103.805,0.0,0,1,1,0,0,0,0,0,0,1,0,1,0,0.0099,0,안전,Platinum
,3,2,3,23.0,2.0794415416798357,2.7000000000000006,1.285714285714286,0.2857142857142858,0,1.6666666666666667,0,55.123333333333335,0.3333333333333333,0,1,1,0,0,1,0,0,0,1,0,1,0,0.0011,0,안전,Platinum
C0975,1,4,2,12.0,1.791759469228055,4.0,1.2,1.8,1,0.2,0,18.355,0.1,0,0,1,0,0,1,0,0,0,0,0,0,0,0.0043,0,안전,Platinum
,1,2,7,13.0,1.9459101490553132,1.3333333333333333,0.6666666666666667,0.33333333333333337,0,1.0,0,58.916666666666664,0.6666666666666666,0,1,1,0,0,1,0,0,0,1,0,0,0,0.002,0,안전,Platinum
,1,4,3,15.0,0.6931471805599453,8.0,9.0,7.0,1,0.625,0,18.41875,0.375,0,1,0,1,0,0,0,1,0,0,0,1,0,0.4971,0,관심,Gold
,1,4,2,15.0,2.833213344056216,2.2,0.6875,0.1875,1,0.75,0,60.0,0.25,0,0,0,0,1,0,0,0,0,0,0,1,0,0.0044,0,안전,Platinum
,1,4,8,13.0,2.9444389791664403,0.4285714285714286,0.1666666666666667,0.11111111111111113,1,0.3333333333333333,0,49.78666666666667,0.3333333333333333,0,1,0,1,0,0,0,1,0,0,1,1,0,0.0969,0,안전,Platinum
,1,3,3,15.0,3.258096538021482,1.9393939393939394,0.31999999999999995,0.27999999999999997,0,0.125,1,30.0,0.375,0,1,1,0,1,0,0,0,0,1,0,1,0,0.0004,0,안전,Platinum
,1,3,5,14.0,2.8903717578961645,0.10526315789473686,0.05882352941176472,0.05882352941176472,1,0.5,0,120.0,0.0,0,1,1,0,0,0,0,0,1,1,0,1,0,0.0017,0,안전,Platinum
C1048,1,2,7,13.0,1.9459101490553132,1.3333333333333333,0.6666666666666667,0.33333333333333337,0,1.0,0,58.916666666666664,0.6666666666666666,0,1,1,0,0,1,0,0,0,0,0,0,0,0.0019,0,안전,Platinum
,1,3,1,16.0,0.0,0.9090909090909091,10.0,10.0,1,2.0,0,65.29,0.0,0,0,0,1,0,0,1,0,0,1,0,1,0,0.2881,0,관심,Gold
,3,3,2,11.0,2.4849066497880004,1.3846153846153846,0.8181818181818182,0.09090909090909091,0,0.5,1,76.715,0.0,0,0,1,0,0,1,0,0,0,1,0,0,0,0.0227,0,안전,Platinum
,2,4,2,12.0,0.0,0.0,0.0,10.0,0,0.5,1,62.81999999999999,0.0,0,0,0,1,0,0,1,0,0,0,1,1,1,0.5106,1,주의,Silver
,1,3,8,17.0,3.332204510175204,0.2758620689655173,0.14814814814814817,0.03703703703703704,0,1.5,0,102.51,0.5,0,1,0,0,0,0,0,0,0,1,0,0,0,0.0006,0,안전,Platinum
,1,2,5,18.0,2.4849066497880004,0.2142857142857143,0.09090909090909091,0.18181818181818182,0,0.3333333333333333,1,57.26666666666667,0.6666666666666666,0,1,1,0,0,0,0,1,0,0,1,1,0,0.0005,0,안전,Platinum
,2,1,2,13.0,2.4849066497880004,0.0,0.0,0.45454545454545453,0,0.5,0,21.406666666666666,0.16666666666666666,0,0,0,1,0,0,1,0,0,0,0,1,0,0.018,0,안전,Platinum
C0010,3,4,2,13.0,3.2188758248682006,1.5555555555555556,0.5833333333333334,0.08333333333333334,0,1.0,0,62.82333333333333,0.6666666666666666,0,0,0,0,0,1,0,0,0,0,0,0,0,1e-04,0,안전,Platinum
,1,2,4,13.0,2.1972245773362196,0.818181818181818,0.37499999999999994,0.24999999999999994,0,1.0,0,56.346666666666664,0.3333333333333333,0,1,1,0,0,1,0,0,0,1,0,1,0,0.0006,0,안전,Platinum
,1,4,2,13.0,1.3862943611198906,1.5,1.0,0.6666666666666666,0,1.6666666666666667,0,59.57666666666666,0.6666666666666666,0,0,1,0,0,1,0,0,0,1,0,1,0,0.0078,0,안전,Platinum
C1056,1,4,3,14.0,1.6094379124341003,4.2857142857142865,2.5000000000000004,0.5000000000000001,0,0.3333333333333333,1,60.916666666666664,0.6666666666666666,0,1,1,0,0,1,0,0,0,1,0,0,0,0.0004,0,안전,Platinum
,1,5,8,22.0,2.0794415416798357,0.6000000000000001,0.2857142857142858,0.2857142857142858,0,1.3333333333333333,0,50.406666666666666,0.3333333333333333,0,1,1,0,0,0,0,1,0,1,0,0,0,0.0446,0,안전,Platinum
C0374,1,4,4,14.0,2.772588722239781,3.789473684210526,1.2000000000000002,0.2,1,1.25,0,43.0525,0.5,0,1,1,0,0,0,0,1,0,0,1,1,0,0.0245,0,안전,Platinum
C0830,1,4,2,14.0,2.0794415416798357,5.076923076923078,1.5714285714285718,0.7142857142857144,0,0.3333333333333333,1,25.468333333333334,0.3333333333333333,0,0,1,0,0,0,0,1,0,0,0,1,0,0.0004,0,안전,Platinum
,1,4,5,19.0,3.4011973816621555,0.28124999999999994,0.10344827586206895,0.0689655172413793,0,1.3333333333333333,0,78.25333333333333,0.3333333333333333,0,1,0,0,0,0,0,0,0,1,0,1,0,0.0002,0,안전,Platinum
,3,4,2,11.0,0.0,2.727272727272727,30.0,10.0,1,0.5,0,72.435,0.0,0,0,0,1,0,1,0,0,0,0,1,0,0,0.0843,0,안전,VIP
,1,4,5,24.0,3.258096538021482,0.42857142857142855,0.15999999999999998,0.07999999999999999,0,0.3333333333333333,1,48.583333333333336,0.6666666666666666,0,1,0,1,0,0,0,1,0,1,0,1,0,0.0003,0,안전,Platinum
,3,3,10,12.0,3.044522437723423,5.121212121212121,0.65,0.6,1,0.23076923076923078,0,18.284615384615385,0.07692307692307693,0,1,0,0,1,0,0,0,0,1,0,0,0,0.07,0,안전,Platinum
C1108,3,4,3,20.0,0.6931471805599453,2.4,3.0,3.0,0,0.75,0,38.2075,0.25,0,1,1,0,0,0,0,1,0,0,1,0,0,0.5692,1,주의,Silver
,3,4,2,16.0,2.5649493574615367,3.31578947368421,0.75,0.5,0,0.5714285714285714,0,24.2,0.2857142857142857,0,0,1,0,0,1,0,0,0,1,0,1,0,0.0133,0,안전,Platinum
,3,4,2,12.0,0.0,6.363636363636363,70.0,10.0,0,2.5,0,71.47,0.0,0,0,0,0,0,1,0,0,0,0,1,1,0,0.4172,0,관심,Gold
,1,3,2,13.0,0.0,6.363636363636363,70.0,70.0,1,0.375,0,15.4925,0.5,0,0,0,1,0,0,1,0,0,0,1,0,1,0.9965,1,고위험,Risk
,1,3,3,11.0,3.2188758248682006,0.7777777777777778,0.2916666666666667,0.08333333333333334,0,1.0,0,77.05333333333334,0.6666666666666666,0,1,1,0,0,0,0,0,0,1,0,0,0,0.0002,0,안전,Platinum
C0957,1,3,3,15.0,3.1780538303479458,1.0833333333333333,0.13043478260869562,0.5217391304347825,1,0.23076923076923078,0,16.342307692307692,0.23076923076923078,0,1,0,0,1,0,0,0,0,1,0,1,0,0.0003,0,안전,Platinum
C0375,1,4,2,15.0,1.3862943611198906,1.0,0.6666666666666666,0.6666666666666666,0,1.3333333333333333,0,52.63666666666666,0.3333333333333333,0,0,0,0,0,0,0,1,0,1,0,0,0,0.0025,0,안전,Platinum
,3,4,4,12.0,1.9459101490553132,1.3333333333333333,0.6666666666666667,0.33333333333333337,0,0.3333333333333333,1,56.343333333333334,0.3333333333333333,0,1,1,0,0,1,0,0,0,1,0,1,0,0.008,0,안전,Platinum
,3,5,5,15.0,2.8903717578961645,3.5000000000000004,0.41176470588235303,0.9411764705882355,0,0.058823529411764705,1,13.371176470588235,0.6470588235294118,0,1,1,0,0,0,0,0,0,0,1,0,0,0.0303,0,안전,Platinum
C0793,1,5,2,18.0,0.0,0.0,0.0,10.0,1,1.0,0,61.7,0.5,0,0,0,1,0,0,1,0,0,0,1,1,1,0.9994,1,고위험,Risk
,1,3,2,13.0,2.6390573296152584,3.272727272727274,0.6153846153846155,0.6153846153846155,0,0.1111111111111111,1,16.290000000000003,0.3333333333333333,0,0,0,1,0,1,0,0,0,0,1,1,0,0.014,0,안전,Platinum
,1,1,5,18.0,2.302585092994046,0.0,0.0,0.11111111111111109,0,0.5,1,68.44,0.5,0,1,0,0,0,0,0,1,0,1,0,1,0,0.0018,0,안전,Platinum
,1,3,5,12.0,2.70805020110221,1.0,0.5714285714285714,0.07142857142857142,0,1.5,0,62.254999999999995,0.5,0,1,0,1,0,0,1,0,0,1,0,1,0,0.008,0,안전,Platinum
,1,1,1,14.0,2.3978952727983707,0.49999999999999994,0.29999999999999993,0.09999999999999998,0,1.5,0,67.5,0.5,0,0,0,0,0,0,1,0,0,0,1,1,0,0.0009,0,안전,Platinum
C1090,1,2,6,13.0,2.8903717578961645,0.4500000000000001,0.17647058823529416,0.11764705882352944,0,1.0,0,57.46333333333333,0.3333333333333333,0,1,0,0,0,0,0,1,0,0,1,0,0,0.0011,0,안전,Platinum
,1,5,3,21.0,2.302585092994046,4.0,1.7777777777777775,0.22222222222222218,1,1.0,0,77.28333333333335,1.3333333333333333,0,1,1,0,0,0,0,0,0,1,0,0,0,0.0034,0,안전,Platinum
,3,3,1,14.0,0.6931471805599453,2.0,3.0,1.0,0,2.5,0,74.49,0.5,0,0,0,0,0,1,0,0,0,0,1,1,0,0.0159,0,안전,Platinum
,3,4,3,14.0,2.4849066497880004,3.15,0.6363636363636364,0.7272727272727273,0,0.4444444444444444,0,23.704444444444444,0.2222222222222222,0,1,0,0,0,0,0,0,0,1,0,1,0,0.0416,0,안전,Platinum
,3,5,3,15.0,2.1972245773362196,3.8888888888888884,0.8749999999999998,1.1249999999999998,1,0.3,0,19.583000000000002,0.8,0,1,1,0,0,0,0,0,0,1,0,1,0,0.029,0,안전,Platinum
,3,5,2,24.0,0.6931471805599453,10.0,11.0,11.0,1,0.3333333333333333,0,14.249166666666667,0.25,0,0,1,0,0,1,0,0,0,0,1,0,1,0.9966,1,고위험,Risk
,1,3,2,18.0,0.0,1.8181818181818181,20.0,20.0,0,0.3333333333333333,1,43.72333333333333,0.0,0,0,0,1,0,0,1,0,0,0,1,1,0,0.0056,0,안전,VIP
,1,4,8,14.0,3.091042453358316,1.3461538461538458,0.33333333333333326,0.19047619047619044,0,0.6,0,41.998000000000005,0.2,0,1,1,0,0,0,0,0,0,0,1,1,0,0.0163,0,안전,Platinum
,3,3,2,11.0,0.0,1.8181818181818181,20.0,10.0,1,2.5,0,61.900000000000006,0.5,0,0,0,1,0,0,1,0,0,0,1,1,0,0.5566,1,주의,Silver
C0409,1,3,5,11.0,0.0,1.8181818181818181,20.0,10.0,0,0.5,1,66.145,0.0,0,1,0,1,0,0,1,0,0,1,0,1,0,0.2317,0,관심,Gold
,1,4,3,12.0,2.1972245773362196,0.818181818181818,0.37499999999999994,0.24999999999999994,1,1.0,0,51.45333333333334,0.6666666666666666,0,1,1,0,0,0,0,1,0,0,1,1,1,0.8209,1,위험,Risk
,3,3,5,12.0,2.995732273553991,0.28571428571428575,0.15789473684210528,0.05263157894736843,1,0.5,0,101.84,0.0,0,1,1,0,0,0,0,0,0,1,0,1,0,0.0013,0,안전,Platinum
,3,5,4,13.0,3.332204510175204,2.9714285714285715,0.48148148148148157,0.2592592592592593,0,0.5,0,25.03125,0.125,0,1,0,0,0,0,0,0,0,0,0,0,0,0.0004,0,안전,Platinum
,2,5,3,14.0,2.772588722239781,2.3157894736842106,0.7333333333333334,0.2,0,0.75,0,60.0,0.75,0,1,1,0,0,0,0,0,1,0,0,1,0,0.0121,0,안전,Platinum
,1,4,7,14.0,2.995732273553991,0.6818181818181819,0.26315789473684215,0.10526315789473686,1,1.6666666666666667,0,80.0,0.6666666666666666,0,1,1,0,0,0,0,0,1,0,0,1,1,0.9296,1,위험,Risk
,1,4,2,16.0,1.6094379124341003,1.7142857142857144,1.0000000000000002,0.5000000000000001,0,1.6666666666666667,0,74.85666666666667,0.6666666666666666,0,0,1,0,0,1,0,0,0,0,0,1,0,0.0061,0,안전,Platinum
,3,4,6,17.0,3.4339872044851463,0.3125,0.16666666666666666,0.03333333333333333,0,0.5,1,75.855,0.0,1,1,1,0,0,1,0,0,0,0,1,0,0,0.0005,0,안전,Platinum
C0814,1,4,9,14.0,2.3978952727983707,3.2941176470588234,0.7999999999999998,0.5999999999999999,1,0.7142857142857143,0,29.744285714285716,0.2857142857142857,0,1,1,0,0,0,0,0,0,1,0,1,0,0.0646,0,안전,Platinum
,1,2,6,18.0,2.3978952727983707,0.9230769230769229,0.3999999999999999,0.19999999999999996,0,0.3333333333333333,1,50.23666666666667,0.3333333333333333,0,1,0,0,0,1,0,0,0,1,0,1,0,0.001,0,안전,Platinum
C1021,1,3,2,18.0,2.6390573296152584,1.9444444444444449,0.5384615384615387,0.30769230769230776,0,0.4,1,44.226,0.8,0,0,1,0,0,0,0,0,0,1,0,1,0,0.007,0,안전,Platinum
,1,4,3,14.0,2.833213344056216,0.6,0.1875,0.1875,0,0.25,1,41.4725,0.25,0,1,1,0,0,1,0,0,0,1,0,0,0,0.0022,0,안전,Platinum
,1,6,2,17.0,2.302585092994046,1.0,0.44444444444444436,0.22222222222222218,0,1.0,0,50.68333333333334,0.3333333333333333,0,0,1,0,0,0,0,1,0,1,0,1,0,0.0024,0,안전,Platinum
,3,5,2,19.0,0.6931471805599453,0.75,1.0,2.0,0,1.0,0,51.553333333333335,0.6666666666666666,0,0,1,0,0,0,0,1,0,0,1,0,0,0.6839,1,주의,Silver
C0188,1,2,7,21.0,2.70805020110221,4.333333333333334,0.6428571428571429,0.8571428571428571,0,0.23076923076923078,0,14.52076923076923,0.5384615384615384,0,1,1,0,0,1,0,0,0,1,0,0,0,0.0003,0,안전,Platinum
,1,5,3,20.0,1.3862943611198906,0.8,0.6666666666666666,0.3333333333333333,0,1.0,1,80.455,0.0,0,1,1,0,0,1,0,0,0,0,1,0,0,0.0046,0,안전,Platinum
,2,2,3,14.0,2.5649493574615367,0.3684210526315789,0.08333333333333333,0.5,0,0.42857142857142855,0,21.919999999999998,0.2857142857142857,0,1,1,0,0,0,0,1,0,0,0,1,0,0.0024,0,안전,Platinum
,1,5,2,15.0,0.6931471805599453,2.25,3.0,2.0,1,1.0,0,54.1,0.3333333333333333,0,0,1,0,0,0,0,1,0,0,1,1,1,0.872,1,위험,Risk
,3,4,3,15.0,0.6931471805599453,0.75,1.0,2.0,1,1.3333333333333333,0,47.92666666666667,0.6666666666666666,0,1,0,0,0,0,0,1,0,0,1,1,1,0.9994,1,고위험,Risk
,1,4,3,12.0,0.6931471805599453,0.75,1.0,2.0,0,0.6666666666666666,1,47.35333333333333,0.6666666666666666,0,1,0,0,0,0,0,1,0,0,0,1,0,0.2301,0,관심,Gold
,1,4,3,14.0,1.791759469228055,1.7777777777777777,0.8,0.6,1,1.25,0,38.9125,0.25,0,1,0,0,0,0,0,1,0,1,0,1,0,0.1891,0,안전,Platinum
,3,4,2,18.0,3.258096538021482,4.682926829268292,0.4799999999999999,0.5999999999999999,1,0.1875,0,15.0,0.1875,0,0,0,0,0,0,0,0,1,0,1,1,0,0.0091,0,안전,Platinum
,1,4,4,21.0,2.3978952727983707,2.3076923076923075,0.9999999999999998,0.19999999999999996,0,0.6666666666666666,1,67.59666666666666,0.6666666666666666,0,1,0,0,0,1,0,0,0,0,1,1,0,0.0014,0,안전,Platinum
,1,3,2,20.0,1.6094379124341003,0.0,0.0,0.25000000000000006,0,1.5,0,60.415000000000006,0.5,0,0,0,0,0,0,1,0,0,1,0,0,0,0.0507,0,안전,Platinum
,3,5,9,18.0,2.833213344056216,0.6315789473684211,0.25,0.125,0,1.0,0,62.48,0.3333333333333333,0,1,1,0,0,1,0,0,0,0,1,0,0,0.012,0,안전,Platinum
,3,4,3,12.0,0.6931471805599453,2.25,3.0,2.0,1,1.6666666666666667,0,49.6,0.6666666666666666,0,1,0,1,0,0,0,1,0,0,1,1,0,0.799,1,주의,Silver
,1,3,1,12.0,0.0,1.8181818181818181,20.0,10.0,0,1.5,0,66.875,0.0,0,0,0,1,0,0,1,0,0,0,1,1,0,0.2398,0,관심,Gold
,1,4,6,19.0,3.2188758248682006,0.1111111111111111,0.04166666666666667,0.08333333333333334,0,0.6666666666666666,1,49.6,0.6666666666666666,0,1,0,1,0,0,0,1,0,0,0,1,0,0.0077,0,안전,Platinum
,3,5,9,13.0,1.9459101490553132,0.7500000000000001,0.5000000000000001,0.16666666666666669,0,1.5,0,76.73,0.5,0,1,1,0,0,1,0,0,0,0,1,0,1,0.6932,1,주의,Silver
,1,3,10,17.0,1.0986122886681098,1.0,0.9999999999999998,0.4999999999999999,0,1.5,0,64.87,0.5,0,1,0,1,0,0,1,0,0,1,0,0,0,0.002,0,안전,Platinum
,1,4,11,14.0,2.833213344056216,1.9047619047619047,0.5,0.25,0,1.0,0,48.0,0.8,0,1,1,0,0,0,0,0,0,1,0,1,0,0.0159,0,안전,Platinum
,3,4,3,24.0,0.6931471805599453,3.75,5.0,2.0,0,0.6666666666666666,1,62.26666666666667,0.3333333333333333,0,1,1,0,0,1,0,0,0,0,1,0,0,0.0188,0,안전,Platinum
,1,4,8,18.0,0.6931471805599453,1.6,2.0,3.0,0,0.75,0,42.205,0.75,0,1,1,0,0,0,0,1,0,0,1,1,1,0.609,1,주의,Silver
,1,4,10,19.0,2.995732273553991,2.181818181818182,0.8421052631578949,0.10526315789473686,0,1.3333333333333333,0,49.49333333333333,0.6666666666666666,0,1,0,1,0,1,0,0,0,1,0,1,0,0.0055,0,안전,Platinum
C0612,1,4,3,17.0,2.70805020110221,0.875,0.5,0.07142857142857142,1,1.5,0,84.055,0.0,0,1,0,0,0,1,0,0,0,0,1,0,0,0.0055,0,안전,Platinum
,1,3,2,21.0,1.6094379124341003,0.0,0.0,0.25000000000000006,0,0.5,1,60.30500000000001,0.5,0,0,0,1,0,0,1,0,0,1,0,0,0,0.0355,0,안전,Platinum
,1,4,2,17.0,2.0794415416798357,2.0000000000000004,1.285714285714286,0.1428571428571429,0,1.5,0,97.735,0.0,0,0,0,0,0,1,0,0,0,1,0,1,0,0.0011,0,안전,Platinum
,1,4,3,14.0,0.6931471805599453,2.25,3.0,2.0,1,0.6666666666666666,0,50.53,0.3333333333333333,0,1,1,0,0,0,0,1,0,0,0,0,0,0.2663,0,관심,Gold
,3,2,4,12.0,0.6931471805599453,2.25,3.0,2.0,0,1.0,0,62.44,0.6666666666666666,0,1,1,0,0,1,0,0,0,1,0,1,0,0.0612,0,안전,Platinum
,1,4,1,13.0,2.0794415416798357,0.22222222222222227,0.1428571428571429,0.1428571428571429,0,0.5,1,60.224999999999994,0.5,0,0,0,1,0,0,1,0,0,0,1,1,0,0.0344,0,안전,Platinum
,1,4,3,12.0,0.6931471805599453,3.75,5.0,2.0,0,0.3333333333333333,1,53.15,0.3333333333333333,0,1,1,0,0,0,0,1,0,0,1,0,0,0.0098,0,안전,Platinum
,3,3,4,13.0,2.70805020110221,0.875,0.5,0.07142857142857142,1,1.5,0,90.945,0.0,0,1,1,0,0,0,0,0,0,1,0,1,0,0.0321,0,안전,Platinum
,1,3,2,13.0,1.6094379124341003,1.2857142857142858,0.7500000000000002,0.5000000000000001,1,1.6666666666666667,0,43.550000000000004,0.6666666666666666,0,0,0,0,0,0,1,0,0,1,0,1,0,0.4019,0,관심,Gold
,1,3,5,12.0,2.9444389791664403,0.30000000000000004,0.1666666666666667,0.055555555555555566,0,1.5,0,76.995,0.5,0,1,0,0,0,1,0,0,0,0,1,1,0,0.0062,0,안전,Platinum
,1,3,2,17.0,2.0794415416798357,0.0,0.0,0.2857142857142858,1,1.0,0,46.050000000000004,0.6666666666666666,0,0,0,0,0,0,0,1,0,1,0,1,0,0.309,0,관심,Gold
,1,4,3,15.0,2.1972245773362196,0.27272727272727265,0.12499999999999997,0.24999999999999994,0,1.3333333333333333,0,48.36000000000001,0.6666666666666666,0,1,0,1,0,0,0,1,0,1,0,1,0,0.0073,0,안전,Platinum
,1,4,2,13.0,1.6094379124341003,0.0,0.0,0.25000000000000006,0,2.5,0,57.08,0.0,0,0,1,0,0,0,0,1,0,0,1,0,1,0.9517,1,고위험,Risk
,1,3,1,22.0,0.0,3.6363636363636362,40.0,10.0,0,2.5,0,65.51,0.0,0,0,0,0,0,0,1,0,0,0,1,1,1,0.9565,1,고위험,Risk
,1,4,5,13.0,3.367295829986474,0.3870967741935484,0.14285714285714285,0.07142857142857142,0,1.0,0,57.89666666666667,0.3333333333333333,0,1,0,0,0,1,0,0,0,0,1,0,0,0.0007,0,안전,Platinum
,1,3,4,14.0,3.332204510175204,0.6206896551724139,0.33333333333333337,0.03703703703703704,0,0.5,1,120.0,0.5,0,1,1,0,1,0,0,0,0,1,0,1,0,0.0009,0,안전,Platinum
,3,4,3,12.0,2.5649493574615367,2.0,0.8333333333333334,0.16666666666666666,0,0.3333333333333333,1,59.47666666666667,0.3333333333333333,0,1,1,0,0,1,0,0,0,1,0,0,0,0.0161,0,안전,Platinum
C0785,1,5,2,22.0,1.791759469228055,5.785714285714286,1.8,1.6,0,0.1111111111111111,1,20.09111111111111,0.1111111111111111,0,0,1,0,0,1,0,0,0,1,0,1,0,0.0004,0,안전,Platinum
,1,3,6,14.0,3.4339872044851463,2.857142857142857,0.3333333333333333,0.36666666666666664,0,0.4166666666666667,0,20.0,0.0,1,1,1,0,0,0,0,0,1,0,0,0,0,0.0007,0,안전,Platinum
,1,4,2,20.0,1.791759469228055,0.7499999999999999,0.4,0.4,0,1.3333333333333333,0,42.47666666666667,0.0,0,0,0,0,0,0,1,0,0,0,0,0,0,0.035,0,안전,Platinum
,1,2,1,17.0,2.5649493574615367,1.75,0.5833333333333334,0.25,0,0.5,1,49.0325,0.75,0,0,1,0,0,0,0,0,0,1,0,1,0,0.0006,0,안전,Platinum
,3,5,5,13.0,0.6931471805599453,2.4,3.0,3.0,0,1.25,0,42.25,0.75,0,1,1,0,0,0,0,1,0,1,0,1,1,0.9673,1,고위험,Risk
,3,4,2,20.0,1.791759469228055,1.1249999999999998,0.6,0.4,0,1.0,0,51.88999999999999,0.3333333333333333,0,0,1,0,0,0,0,1,0,1,0,1,0,0.01,0,안전,Platinum
,3,3,4,12.0,3.1354942159291497,0.3333333333333333,0.18181818181818182,0.045454545454545456,0,0.5,1,72.535,0.0,0,1,0,1,0,1,0,0,0,0,1,0,0,0.0006,0,안전,Platinum
,3,4,5,16.0,2.5649493574615367,1.6,0.6666666666666666,0.16666666666666666,0,1.6666666666666667,0,64.64333333333333,0.3333333333333333,0,1,1,0,0,1,0,0,0,1,0,0,0,0.0256,0,안전,Platinum
,1,5,3,14.0,0.6931471805599453,1.5,2.0,2.0,1,0.6666666666666666,0,49.629999999999995,0.3333333333333333,0,1,0,1,0,0,0,1,0,0,1,1,1,0.9085,1,위험,Risk
,1,3,4,22.0,2.70805020110221,0.0,0.0,0.07142857142857142,0,0.5,1,63.91,0.0,0,1,0,1,0,0,1,0,0,1,0,1,0,0.0379,0,안전,Platinum
C1088,1,3,2,18.0,1.0986122886681098,2.5,2.4999999999999996,0.4999999999999999,1,2.5,0,73.615,0.0,0,0,0,1,0,0,0,1,0,0,1,1,0,0.0754,0,안전,Platinum
,3,3,9,14.0,3.091042453358316,1.9310344827586206,0.33333333333333326,0.33333333333333326,0,0.375,0,20.54875,0.875,0,1,1,0,0,1,0,0,0,1,0,0,0,0.0092,0,안전,Platinum
,3,5,5,13.0,2.6390573296152584,0.9375000000000002,0.38461538461538475,0.15384615384615388,1,0.3333333333333333,0,62.06666666666666,0.3333333333333333,0,1,1,0,0,1,0,0,0,1,0,1,0,0.0314,0,안전,Platinum
,1,4,3,14.0,2.70805020110221,4.4,0.7142857142857143,0.7142857142857143,0,0.2727272727272727,0,21.818181818181817,0.09090909090909091,0,1,1,0,0,0,0,0,1,0,0,0,0,0.0091,0,안전,Platinum
,1,5,9,14.0,2.8903717578961645,4.800000000000001,0.8823529411764708,0.41176470588235303,0,0.375,0,30.0,0.875,0,1,1,0,0,0,0,0,1,1,0,0,0,0.0331,0,안전,Platinum
,1,4,3,16.0,2.995732273553991,1.2272727272727275,0.4736842105263159,0.10526315789473686,1,1.6666666666666667,0,53.77666666666667,0.6666666666666666,0,1,0,0,0,1,0,0,0,1,0,1,0,0.001,0,안전,Platinum
C0801,1,6,3,19.0,1.3862943611198906,5.142857142857143,3.0,1.0,0,0.25,1,38.05,0.25,0,1,0,0,0,0,0,1,0,1,0,1,0,0.0003,0,안전,Platinum
,1,4,1,21.0,1.6094379124341003,5.333333333333333,2.0000000000000004,1.7500000000000004,0,0.25,1,19.4775,0.125,0,0,1,0,0,1,0,0,0,0,0,1,0,0.0002,0,안전,Platinum
,1,4,5,12.0,2.1972245773362196,1.7142857142857137,0.4999999999999999,0.6249999999999999,0,0.5,0,31.069999999999997,0.16666666666666666,0,1,1,0,0,1,0,0,0,0,1,0,0,0.0032,0,안전,Platinum
,3,4,10,13.0,3.044522437723423,0.5185185185185185,0.1,0.3,0,0.5714285714285714,0,34.285714285714285,0.42857142857142855,0,1,1,0,1,0,0,0,0,1,0,0,0,0.0021,0,안전,Platinum
,1,3,1,17.0,2.772588722239781,3.3793103448275867,0.46666666666666673,0.8666666666666668,0,0.35714285714285715,0,17.142857142857142,0.21428571428571427,0,0,1,0,1,0,0,0,0,1,0,1,0,0.0007,0,안전,Platinum
,1,3,5,12.0,1.0986122886681098,0.5,0.4999999999999999,0.4999999999999999,0,1.5,0,71.675,0.5,0,1,0,1,0,1,0,0,0,0,0,0,0,0.0308,0,안전,Platinum
,1,3,4,22.0,2.0794415416798357,0.0,0.0,0.1428571428571429,1,1.5,0,65.805,0.0,0,1,0,0,0,0,1,0,0,1,0,1,1,0.9361,1,위험,Risk
C0402,1,3,6,14.0,2.9444389791664403,0.4000000000000001,0.22222222222222227,0.055555555555555566,1,2.5,0,120.0,0.5,0,1,1,0,0,0,0,0,1,0,0,1,1,0.9149,1,위험,Risk
,1,3,10,14.0,2.4849066497880004,0.3076923076923077,0.18181818181818182,0.09090909090909091,0,1.0,1,78.725,0.0,0,1,1,0,0,1,0,0,0,1,0,1,0,0.0006,0,안전,Platinum
,1,4,9,11.0,1.9459101490553132,0.5000000000000001,0.33333333333333337,0.16666666666666669,0,2.0,0,69.19,0.0,0,1,0,1,0,0,0,1,0,0,0,0,0,0.0171,0,안전,Platinum
C0092,1,3,2,12.0,1.9459101490553132,4.0,2.0000000000000004,0.33333333333333337,1,0.3333333333333333,0,78.19333333333333,1.0,0,0,0,0,0,0,0,0,0,0,1,0,0,0.0121,0,안전,Platinum
C0177,1,4,4,17.0,2.70805020110221,0.0,0.0,0.07142857142857142,0,1.0,1,60.885000000000005,0.0,0,1,0,1,0,0,1,0,0,0,0,1,0,0.2902,0,관심,Gold
,3,3,2,12.0,1.791759469228055,2.2857142857142856,1.6,0.2,0,1.0,1,76.98,0.0,0,0,1,0,0,1,0,0,0,0,1,1,0,0.0011,0,안전,Platinum
C0965,1,3,3,16.0,2.70805020110221,0.0,0.0,0.07142857142857142,0,2.5,0,65.36,0.5,0,1,0,1,0,1,0,0,0,1,0,1,0,0.0333,0,안전,Platinum
,1,3,2,21.0,2.772588722239781,2.285714285714286,0.5333333333333334,0.33333333333333337,1,0.8333333333333334,0,29.01,0.8333333333333334,0,0,1,0,0,0,0,0,0,1,0,1,0,0.0101,0,안전,Platinum
C0347,2,4,3,23.0,3.044522437723423,0.3913043478260869,0.15,0.1,1,1.3333333333333333,0,58.403333333333336,0.6666666666666666,0,1,1,0,0,1,0,0,0,1,0,1,0,0.0017,0,안전,Platinum
,1,3,8,15.0,2.4849066497880004,1.9285714285714288,0.8181818181818182,0.18181818181818182,0,0.3333333333333333,1,49.11666666666667,0.3333333333333333,0,1,0,0,0,1,0,0,0,1,0,1,0,0.0019,0,안전,Platinum
,3,5,6,14.0,2.3978952727983707,0.6923076923076922,0.29999999999999993,0.19999999999999996,0,1.6666666666666667,0,60.49,0.6666666666666666,0,1,1,0,0,1,0,0,0,1,0,0,0,0.0446,0,안전,Platinum
,1,4,9,13.0,0.6931471805599453,7.199999999999999,8.0,8.0,1,0.3333333333333333,0,26.666666666666668,0.3333333333333333,0,1,1,0,0,0,0,0,0,0,0,1,1,0.9985,1,고위험,Risk
,1,4,10,15.0,2.70805020110221,0.1764705882352941,0.07142857142857142,0.14285714285714285,1,1.3333333333333333,0,53.72333333333333,0.3333333333333333,0,1,0,0,0,0,0,1,0,1,0,1,0,0.2118,0,관심,Gold
C1030,1,4,1,12.0,1.3862943611198906,4.8999999999999995,2.3333333333333335,2.0,0,0.2857142857142857,1,20.895714285714288,0.7142857142857143,0,0,0,1,0,1,0,0,0,0,0,0,0,0.0003,0,안전,Platinum
C0991,1,3,1,14.0,3.367295829986474,1.9696969696969695,0.46428571428571425,0.14285714285714285,1,1.0,0,48.0,0.4,0,0,1,0,0,0,0,0,1,0,1,1,0,0.0027,0,안전,Platinum
,1,4,9,19.0,1.6094379124341003,3.428571428571429,2.0000000000000004,0.5000000000000001,1,1.0,0,57.31666666666666,0.6666666666666666,0,1,0,0,0,1,0,0,0,0,1,0,0,0.0295,0,안전,Platinum
,1,4,2,13.0,1.791759469228055,0.5,0.2,0.8,0,0.8,0,25.674,0.6,0,0,0,1,0,0,1,0,0,0,1,0,0,0.0042,0,안전,Platinum
,1,4,3,12.0,2.302585092994046,4.0,0.7777777777777777,1.2222222222222219,1,0.25,0,19.073333333333334,0.08333333333333333,0,1,1,0,0,0,0,0,0,1,0,0,0,0.0303,0,안전,Platinum
,3,4,4,19.0,2.6390573296152584,0.7058823529411766,0.23076923076923084,0.23076923076923084,0,0.25,1,41.5675,0.5,0,1,0,0,0,1,0,0,0,1,0,1,0,0.0265,0,안전,Platinum
,3,5,4,13.0,1.6094379124341003,3.0000000000000004,1.7500000000000004,0.5000000000000001,1,1.3333333333333333,0,71.98,0.6666666666666666,0,1,1,0,0,0,0,0,0,0,1,1,1,0.9622,1,고위험,Risk
,1,2,4,15.0,3.1354942159291497,0.3076923076923077,0.09090909090909091,0.13636363636363635,0,0.5,1,60.0,0.25,0,1,0,0,1,0,0,0,0,0,1,1,0,0.0006,0,안전,Platinum
,1,4,3,12.0,2.302585092994046,0.5,0.22222222222222218,0.22222222222222218,1,1.0,0,55.830000000000005,0.6666666666666666,0,1,0,0,0,1,0,0,0,0,1,1,0,0.0283,0,안전,Platinum
,1,3,4,11.0,2.6390573296152584,0.9333333333333336,0.5384615384615387,0.07692307692307694,0,1.5,0,69.875,0.5,0,1,0,0,0,1,0,0,0,1,0,1,0,0.011,0,안전,Platinum
,1,3,3,22.0,2.0794415416798357,0.0,0.0,0.1428571428571429,0,2.5,0,60.33,0.0,0,1,0,1,0,0,1,0,0,1,0,0,0,0.2719,0,관심,Gold
,1,2,10,13.0,1.3862943611198906,1.5,1.0,0.6666666666666666,1,1.0,0,62.64666666666667,0.3333333333333333,0,1,0,0,0,1,0,0,0,0,1,1,0,0.1614,0,안전,Platinum
,1,6,2,17.0,2.302585092994046,1.0,0.44444444444444436,0.22222222222222218,0,1.0,0,50.68333333333334,0.6666666666666666,0,0,1,0,0,0,0,1,0,1,0,1,0,0.0027,0,안전,Platinum
C0398,1,4,3,25.0,0.6931471805599453,1.5,2.0,2.0,1,0.3333333333333333,0,50.98333333333333,0.3333333333333333,0,1,1,0,0,0,0,1,0,0,1,1,1,0.7584,1,주의,Silver
,1,3,3,14.0,3.1354942159291497,0.16666666666666666,0.09090909090909091,0.045454545454545456,0,1.5,0,83.255,0.0,0,1,1,0,0,1,0,0,0,1,0,1,0,1e-04,0,안전,Platinum
,1,4,4,16.0,3.2188758248682006,0.2307692307692308,0.12500000000000003,0.04166666666666667,0,2.0,0,115.71000000000001,0.0,0,1,1,0,1,0,0,0,0,0,1,0,0,0.0,0,안전,Platinum
,1,4,8,15.0,2.8903717578961645,0.15000000000000002,0.05882352941176472,0.11764705882352944,0,1.6666666666666667,0,80.0,0.6666666666666666,0,1,1,0,1,0,0,0,0,1,0,1,0,0.0065,0,안전,Platinum
C0090,1,2,3,14.0,2.772588722239781,1.5000000000000002,0.6000000000000001,0.13333333333333336,0,1.0,0,52.919999999999995,0.6666666666666666,0,1,1,0,0,0,0,1,0,0,0,0,0,1e-04,0,안전,Platinum
C0646,1,5,6,15.0,2.5649493574615367,1.2,0.5,0.16666666666666666,0,1.3333333333333333,0,49.89333333333334,0.3333333333333333,0,1,0,0,0,0,0,1,0,1,0,0,0,0.0071,0,안전,Platinum
,1,4,5,15.0,3.4011973816621555,1.7297297297297298,0.2758620689655172,0.24137931034482757,1,0.5,0,23.60625,0.875,0,1,0,0,0,1,0,0,0,0,0,1,0,0.0105,0,안전,Platinum
,1,1,4,14.0,0.0,2.727272727272727,30.0,10.0,1,1.5,0,62.16,0.0,0,1,0,0,0,0,1,0,0,0,1,0,1,0.9867,1,고위험,Risk
,1,3,8,21.0,2.5649493574615367,0.5882352941176471,0.16666666666666666,0.3333333333333333,0,0.6,0,46.928,0.4,0,1,1,0,0,0,0,0,0,0,1,1,0,0.0066,0,안전,Platinum
,3,5,2,13.0,2.70805020110221,4.153846153846153,0.6428571428571429,0.7857142857142857,0,0.3333333333333333,0,13.459166666666667,0.25,0,0,0,0,0,1,0,0,0,0,1,1,0,0.0069,0,안전,Platinum
C0500,1,4,10,14.0,3.044522437723423,0.0,0.0,0.05,1,1.0,0,61.900000000000006,0.0,0,1,0,0,0,0,1,0,0,1,0,1,1,0.9101,1,위험,Risk
,2,4,9,11.0,2.5649493574615367,0.5714285714285714,0.3333333333333333,0.08333333333333333,0,0.5,1,76.02,0.5,0,1,1,0,0,1,0,0,0,1,0,0,0,0.0156,0,안전,Platinum
,1,2,3,22.0,0.6931471805599453,0.75,1.0,2.0,1,1.6666666666666667,0,47.00333333333333,0.3333333333333333,0,1,0,1,0,0,0,1,0,1,0,1,1,0.9169,1,위험,Risk
,3,3,5,22.0,2.9444389791664403,1.7500000000000002,0.38888888888888895,0.27777777777777785,0,0.5,0,25.256666666666664,0.5,0,1,0,0,0,1,0,0,0,1,0,0,0,0.0173,0,안전,Platinum
,1,3,10,17.0,1.0986122886681098,1.0,0.9999999999999998,0.4999999999999999,0,1.5,0,64.87,0.0,0,1,0,1,0,0,1,0,0,1,0,0,0,0.0015,0,안전,Platinum
,1,3,2,14.0,1.6094379124341003,5.090909090909092,2.0000000000000004,1.5000000000000004,1,0.7142857142857143,0,17.478571428571428,0.7142857142857143,0,0,0,1,0,0,1,0,0,1,0,1,0,0.051,0,안전,Platinum
,1,5,3,16.0,0.6931471805599453,2.5,3.0,4.0,0,0.6,0,33.754000000000005,0.2,0,1,1,0,0,1,0,0,0,1,0,0,0,0.7857,1,주의,Silver
C0829,1,3,1,22.0,0.0,3.6363636363636362,40.0,10.0,0,2.5,0,65.51,0.0,0,0,0,0,0,0,1,0,0,0,1,1,1,0.9565,1,고위험,Risk
,2,5,3,13.0,0.6931471805599453,0.75,1.0,2.0,0,1.3333333333333333,0,51.21,0.6666666666666666,0,1,0,0,0,0,0,1,0,1,0,0,1,0.9118,1,위험,Risk
,1,3,2,14.0,1.6094379124341003,5.090909090909092,2.0000000000000004,1.5000000000000004,1,0.7142857142857143,0,17.478571428571428,0.2857142857142857,0,0,0,1,0,0,1,0,0,0,0,1,0,0.0532,0,안전,Platinum
,1,4,3,12.0,1.6094379124341003,7.333333333333333,2.7500000000000004,1.7500000000000004,0,0.625,0,19.465,0.125,0,1,0,0,0,1,0,0,0,1,0,1,0,0.0193,0,안전,Platinum
C0191,1,4,4,16.0,2.1972245773362196,0.818181818181818,0.37499999999999994,0.24999999999999994,0,1.3333333333333333,0,49.370000000000005,0.3333333333333333,0,1,0,1,0,0,0,1,0,0,1,0,0,0.0031,0,안전,Platinum
,1,3,1,13.0,0.0,5.454545454545454,60.0,70.0,0,0.625,0,16.08375,0.875,0,0,0,1,0,0,1,0,0,0,1,1,0,0.1962,0,안전,Platinum
,1,4,3,12.0,2.70805020110221,2.2,0.35714285714285715,0.7142857142857143,0,0.2727272727272727,0,17.11181818181818,0.2727272727272727,0,1,0,0,0,1,0,0,0,1,0,0,0,0.004,0,안전,Platinum
,1,4,8,13.0,3.4657359027997265,1.2894736842105263,0.22580645161290322,0.1935483870967742,0,0.2857142857142857,1,32.87428571428571,0.2857142857142857,1,1,1,0,0,0,0,0,0,0,1,1,0,0.0006,0,안전,Platinum
C0746,3,4,3,12.0,2.302585092994046,0.75,0.33333333333333326,0.22222222222222218,0,0.3333333333333333,1,58.22666666666667,0.6666666666666666,0,1,0,0,0,1,0,0,0,1,0,1,0,0.0204,0,안전,Platinum
,1,2,4,14.0,2.833213344056216,0.6315789473684211,0.25,0.125,1,0.3333333333333333,0,59.10333333333333,0.6666666666666666,0,1,1,0,0,1,0,0,0,1,0,0,0,1e-04,0,안전,Platinum
,3,4,9,17.0,2.5649493574615367,0.2,0.08333333333333333,0.16666666666666666,0,1.3333333333333333,0,66.17,0.6666666666666666,0,1,1,0,0,0,0,0,0,0,1,1,0,0.0067,0,안전,Platinum
,1,4,2,12.0,2.0794415416798357,3.9375,1.0000000000000002,1.1428571428571432,0,0.1111111111111111,1,14.365555555555554,0.1111111111111111,0,0,0,1,0,0,1,0,0,1,0,0,0,0.0149,0,안전,Platinum
,1,3,1,18.0,3.258096538021482,0.14814814814814814,0.07999999999999999,0.039999999999999994,0,1.0,1,71.29,0.5,0,0,0,0,0,0,0,1,0,0,0,1,0,0.0002,0,안전,Platinum
,1,2,7,12.0,3.1354942159291497,0.12000000000000002,0.045454545454545456,0.09090909090909091,0,1.3333333333333333,0,50.196666666666665,0.3333333333333333,0,1,1,0,0,0,0,1,0,0,1,1,0,0.0018,0,안전,Platinum
,3,5,8,20.0,0.6931471805599453,2.25,3.0,2.0,1,1.0,0,51.0,0.6666666666666666,0,1,1,0,0,0,0,1,0,1,0,0,1,0.9953,1,고위험,Risk
C0223,3,4,2,20.0,1.3862943611198906,1.0,0.6666666666666666,0.6666666666666666,0,0.6666666666666666,1,56.13999999999999,0.3333333333333333,0,0,0,0,0,1,0,0,0,0,0,1,0,0.005,0,안전,Platinum
,1,2,3,12.0,2.5649493574615367,0.8,0.3333333333333333,0.16666666666666666,0,1.0,0,50.36666666666667,0.3333333333333333,0,1,0,0,0,0,0,1,0,1,0,1,0,0.0012,0,안전,Platinum
C0973,3,3,2,22.0,1.6094379124341003,0.6666666666666667,0.5000000000000001,0.25000000000000006,1,2.0,0,65.7,0.0,0,0,0,1,0,0,1,0,0,0,1,0,1,0.3631,0,관심,Gold
,1,4,5,20.0,2.5649493574615367,0.8,0.3333333333333333,0.16666666666666666,0,1.0,0,74.41333333333334,0.6666666666666666,0,1,1,0,0,1,0,0,0,0,0,0,0,0.0057,0,안전,Platinum
,1,5,3,12.0,2.6390573296152584,5.500000000000001,0.8461538461538464,0.9230769230769234,0,0.23076923076923078,0,13.117692307692307,0.23076923076923078,0,1,1,0,0,1,0,0,0,0,1,0,0,0.0002,0,안전,Platinum
,1,4,9,20.0,1.0986122886681098,0.5999999999999999,0.4999999999999999,0.9999999999999998,1,1.6666666666666667,0,63.91,0.6666666666666666,0,1,1,0,0,1,0,0,0,1,0,1,1,0.8866,1,위험,Risk
,1,3,2,11.0,3.2188758248682006,0.0,0.0,0.04166666666666667,0,1.0,1,63.614999999999995,0.5,0,0,0,1,0,0,1,0,0,0,0,1,0,0.002,0,안전,Platinum
,1,3,2,14.0,1.6094379124341003,0.0,0.0,0.25000000000000006,0,2.0,0,60.040000000000006,0.5,0,0,1,0,0,0,1,0,0,1,0,1,0,0.1395,0,안전,Platinum
,1,3,5,22.0,2.302585092994046,2.1538461538461537,0.7777777777777777,0.33333333333333326,0,1.0,0,47.315,0.75,0,1,1,0,0,1,0,0,0,1,0,0,1,0.5972,1,주의,Silver
,1,1,5,12.0,2.833213344056216,0.2222222222222222,0.125,0.0625,0,1.5,0,73.695,0.0,0,1,0,0,0,0,0,1,0,0,1,0,0,0.0004,0,안전,Platinum
,1,4,2,13.0,2.0794415416798357,0.6666666666666669,0.42857142857142866,0.1428571428571429,1,1.0,0,68.11,0.0,0,0,0,1,0,0,0,1,0,0,0,1,0,0.0273,0,안전,Platinum
,1,2,3,13.0,0.6931471805599453,3.0,4.0,2.0,0,0.3333333333333333,1,59.906666666666666,0.6666666666666666,0,1,1,0,0,1,0,0,0,1,0,1,0,0.001,0,안전,Platinum
,1,4,2,15.0,0.0,0.0,0.0,10.0,1,2.5,0,63.0,0.0,0,0,0,1,0,0,1,0,0,0,1,0,1,0.9853,1,고위험,Risk
,3,4,2,13.0,2.302585092994046,0.0,0.0,0.9999999999999998,0,0.3,0,17.596,0.9,0,0,1,0,0,0,0,0,0,0,0,1,0,0.0073,0,안전,Platinum
,1,6,3,12.0,1.791759469228055,0.37499999999999994,0.2,0.4,1,0.3333333333333333,0,45.43,0.3333333333333333,0,1,0,1,0,0,0,1,0,1,0,0,0,0.1457,0,안전,Platinum
C0710,1,3,3,11.0,2.995732273553991,0.38095238095238104,0.21052631578947373,0.05263157894736843,0,0.5,1,86.895,0.0,0,1,1,0,0,1,0,0,0,1,0,1,0,0.003,0,안전,Platinum
C1008,3,4,3,15.0,2.0794415416798357,0.5333333333333334,0.1428571428571429,1.0000000000000002,0,0.375,0,30.0,0.75,0,1,0,0,1,0,0,0,0,0,1,1,0,0.0114,0,안전,Platinum
C0986,3,2,2,13.0,1.791759469228055,1.3333333333333333,0.6,0.6,0,0.5,1,38.2275,0.5,0,0,0,0,0,0,0,1,0,0,0,1,0,0.0039,0,안전,Platinum
,3,4,5,18.0,0.6931471805599453,3.0,4.0,2.0,1,1.6666666666666667,0,69.08,0.3333333333333333,0,1,1,0,0,1,0,0,0,0,1,0,1,0.9981,1,고위험,Risk
,1,3,2,20.0,0.0,3.6363636363636362,40.0,10.0,0,2.0,0,81.985,0.5,0,0,0,0,0,1,0,0,0,1,0,0,0,0.01,0,안전,VIP
,1,3,2,13.0,1.0986122886681098,6.666666666666667,4.999999999999999,1.4999999999999998,0,0.25,1,34.53,0.25,0,0,0,0,0,0,0,1,0,1,0,1,0,0.0058,0,안전,Platinum
C0149,3,3,9,15.0,2.9444389791664403,0.10000000000000002,0.055555555555555566,0.055555555555555566,0,1.5,0,74.25,0.0,0,1,0,1,0,1,0,0,0,0,1,0,0,0.0221,0,안전,Platinum
,3,4,5,15.0,2.70805020110221,0.1764705882352941,0.07142857142857142,0.14285714285714285,1,1.0,0,57.42666666666667,0.6666666666666666,0,1,0,0,0,1,0,0,0,0,1,1,1,0.9424,1,위험,Risk
,3,5,6,14.0,2.70805020110221,0.2222222222222222,0.07142857142857142,0.21428571428571427,1,1.25,0,58.385000000000005,0.75,0,1,1,0,0,0,0,0,0,1,0,1,1,0.9194,1,위험,Risk
,3,3,4,14.0,2.6390573296152584,3.1578947368421058,0.7692307692307695,0.38461538461538475,0,0.6666666666666666,0,26.128333333333334,0.16666666666666666,0,1,1,0,0,1,0,0,0,1,0,0,0,0.0108,0,안전,Platinum
,1,4,8,18.0,0.6931471805599453,1.6,2.0,3.0,0,0.75,0,42.205,0.25,0,1,1,0,0,0,0,1,0,0,1,1,1,0.6816,1,주의,Silver
,2,4,5,11.0,2.0794415416798357,1.7777777777777781,1.1428571428571432,0.1428571428571429,0,2.0,0,72.45,0.0,0,1,0,0,0,1,0,0,0,0,0,1,0,0.0232,0,안전,Platinum
C1001,1,5,3,19.0,0.6931471805599453,0.75,1.0,2.0,1,0.3333333333333333,0,51.419999999999995,0.3333333333333333,0,1,0,0,0,0,0,1,0,0,1,0,1,0.9606,1,고위험,Risk
,1,5,3,13.0,2.0794415416798357,0.0,0.0,0.1428571428571429,0,1.5,0,61.45,0.5,0,1,0,0,0,0,1,0,0,0,1,1,0,0.6609,1,주의,Silver
,1,4,11,18.0,2.1972245773362196,0.6666666666666665,0.24999999999999994,0.37499999999999994,0,0.25,1,44.96,0.5,0,1,1,0,0,1,0,0,0,1,0,1,0,0.0062,0,안전,Platinum
,1,3,1,14.0,2.6390573296152584,2.11764705882353,0.6923076923076925,0.23076923076923084,0,0.75,0,60.0,0.75,0,0,1,0,0,0,0,0,1,1,0,1,0,0.0011,0,안전,Platinum
,1,5,3,21.0,2.302585092994046,3.2941176470588234,0.7777777777777777,0.7777777777777777,1,0.625,0,25.315,0.625,0,1,1,0,0,0,0,0,0,1,0,0,0,0.0134,0,안전,Platinum
,1,4,4,18.0,2.0794415416798357,0.30000000000000004,0.1428571428571429,0.2857142857142858,1,1.0,0,62.96,0.6666666666666666,0,1,1,0,0,1,0,0,0,0,1,1,0,0.0979,0,안전,Platinum
,1,1,2,16.0,0.0,12.727272727272727,140.0,150.0,0,0.3125,0,7.964375,0.1875,0,0,0,1,0,0,1,0,0,0,1,0,1,0.9764,1,고위험,Risk
,1,3,10,22.0,3.1780538303479458,0.23999999999999996,0.13043478260869562,0.04347826086956521,0,0.5,1,120.0,0.5,0,1,1,0,1,0,0,0,0,1,0,1,0,1e-04,0,안전,Platinum
C0381,1,4,11,18.0,2.70805020110221,3.68421052631579,1.0,0.2857142857142857,0,0.6,0,48.0,0.2,0,1,0,0,0,0,0,0,0,0,1,0,0,0.002,0,안전,Platinum
C0025,3,4,6,17.0,3.4339872044851463,0.3125,0.16666666666666666,0.03333333333333333,0,1.0,1,75.855,0.0,1,1,1,0,0,1,0,0,0,0,1,0,0,0.0004,0,안전,Platinum
,1,4,2,18.0,1.6094379124341003,0.0,0.0,0.25000000000000006,0,1.5,0,56.405,0.5,0,0,0,0,0,0,0,1,0,1,0,1,0,0.0431,0,안전,Platinum
,1,1,2,12.0,0.0,2.727272727272727,30.0,10.0,0,0.5,1,77.36,0.5,0,0,1,0,0,1,0,0,0,1,0,1,0,0.0031,0,안전,VIP
,1,3,3,14.0,2.6390573296152584,0.2666666666666667,0.15384615384615388,0.07692307692307694,0,1.5,0,61.724999999999994,0.5,0,1,0,1,0,0,1,0,0,1,0,1,0,0.0471,0,안전,Platinum
,1,1,8,17.0,0.0,1.8181818181818181,20.0,10.0,0,1.5,0,67.585,0.0,0,1,0,1,0,0,1,0,0,1,0,0,0,0.0313,0,안전,VIP
C0022,1,4,8,15.0,2.772588722239781,0.42105263157894735,0.13333333333333336,0.2,0,0.75,0,43.7575,0.75,0,1,1,0,0,1,0,0,0,0,1,0,0,0.001,0,안전,Platinum
,1,3,3,11.0,2.0794415416798357,0.44444444444444453,0.2857142857142858,0.1428571428571429,0,1.5,0,70.165,0.5,0,1,0,0,0,1,0,0,0,0,1,1,0,0.0627,0,안전,Platinum
,3,4,2,14.0,0.6931471805599453,1.6,2.0,3.0,0,0.25,1,37.25,0.5,0,0,0,0,0,0,0,1,0,1,0,1,0,0.0239,0,안전,VIP
,3,4,3,12.0,1.3862943611198906,0.0,0.0,0.3333333333333333,1,1.5,0,81.9,0.5,0,1,1,0,0,1,0,0,0,0,0,1,1,0.9619,1,고위험,Risk
C0178,1,4,2,17.0,2.0794415416798357,2.0000000000000004,1.285714285714286,0.1428571428571429,0,1.5,0,97.735,0.0,0,0,0,0,0,1,0,0,0,0,0,1,0,0.0014,0,안전,Platinum
,1,4,2,12.0,2.3978952727983707,6.545454545454545,1.1999999999999997,1.0999999999999999,0,0.08333333333333333,1,13.091666666666667,0.16666666666666666,0,0,1,0,0,0,0,1,0,1,0,1,0,0.0083,0,안전,Platinum
,3,2,5,11.0,1.6094379124341003,4.666666666666667,1.7500000000000004,1.7500000000000004,0,0.25,1,21.16125,0.375,0,1,1,0,0,1,0,0,0,0,0,1,0,0.0013,0,안전,Platinum
,3,3,1,15.0,2.4849066497880004,2.823529411764706,0.7272727272727273,0.45454545454545453,0,0.6666666666666666,0,24.066666666666666,0.6666666666666666,0,0,0,1,0,1,0,0,0,1,0,1,0,0.0114,0,안전,Platinum
,3,4,4,15.0,3.1354942159291497,2.1333333333333333,0.36363636363636365,0.3181818181818182,0,0.25,1,20.68875,0.625,0,1,1,0,0,1,0,0,0,0,0,0,0,0.0017,0,안전,Platinum
,3,3,2,23.0,0.0,3.6363636363636362,40.0,10.0,0,0.5,1,80.9,0.0,0,0,1,0,0,1,0,0,0,0,1,0,0,0.009,0,안전,VIP
,3,5,9,24.0,0.6931471805599453,3.0,4.0,2.0,0,1.6666666666666667,0,53.02333333333333,0.3333333333333333,0,1,1,0,0,0,0,1,0,0,1,1,1,0.9814,1,고위험,Risk
,3,4,8,14.0,2.833213344056216,0.15789473684210528,0.0625,0.125,0,1.0,0,80.0,0.3333333333333333,0,1,1,0,0,0,0,0,1,0,0,1,0,0.002,0,안전,Platinum
,3,5,1,21.0,0.0,0.0,0.0,10.0,0,2.5,0,61.625,0.5,0,0,0,0,0,0,1,0,0,0,1,0,1,0.993,1,고위험,Risk
,1,4,2,11.0,2.833213344056216,0.0,0.0,0.0625,0,1.5,0,76.285,0.0,0,0,0,0,0,1,0,0,0,1,0,0,0,0.0033,0,안전,Platinum
,1,4,3,13.0,0.6931471805599453,0.75,1.0,2.0,1,1.6666666666666667,0,48.580000000000005,0.6666666666666666,0,1,0,1,0,0,0,1,0,1,0,0,1,0.992,1,고위험,Risk
,1,3,10,16.0,2.70805020110221,0.25,0.14285714285714285,0.07142857142857142,0,1.0,1,61.004999999999995,0.5,0,1,0,1,0,0,1,0,0,0,1,1,0,0.0298,0,안전,Platinum
,1,3,2,11.0,0.0,0.0,0.0,10.0,1,1.0,0,62.575,0.5,0,0,0,1,0,0,1,0,0,0,0,0,1,0.9596,1,고위험,Risk
,1,5,2,11.0,1.6094379124341003,0.0,0.0,0.25000000000000006,1,0.5,0,55.644999999999996,0.0,0,0,1,0,0,0,0,1,0,1,0,0,0,0.4653,0,관심,Gold
,1,4,2,11.0,0.0,0.0,0.0,10.0,0,2.0,0,63.47,0.0,0,0,0,0,0,0,1,0,0,1,0,1,0,0.7841,1,주의,Silver
,2,4,3,16.0,0.6931471805599453,2.4,3.0,3.0,0,0.75,0,38.105,0.75,0,1,1,0,0,0,0,1,0,1,0,0,1,0.8989,1,위험,Risk
,3,4,2,17.0,2.302585092994046,1.25,0.5555555555555555,0.22222222222222218,0,1.6666666666666667,0,60.20333333333334,0.6666666666666666,0,0,1,0,0,1,0,0,0,1,0,1,0,0.0086,0,안전,Platinum
,1,3,10,11.0,3.1354942159291497,0.16666666666666666,0.09090909090909091,0.045454545454545456,1,2.5,0,120.0,0.5,0,1,0,0,0,0,0,0,1,0,1,0,0,0.0021,0,안전,Platinum
C0898,1,4,2,16.0,2.302585092994046,1.4545454545454544,0.8888888888888887,0.11111111111111109,0,0.5,1,79.05,0.0,0,0,1,0,0,1,0,0,0,0,1,1,0,0.0011,0,안전,Platinum
C0676,3,4,3,12.0,2.302585092994046,0.75,0.33333333333333326,0.22222222222222218,0,0.6666666666666666,1,58.22666666666667,0.3333333333333333,0,1,0,0,0,1,0,0,0,1,0,1,0,0.02,0,안전,Platinum
,3,3,9,15.0,1.9459101490553132,1.7500000000000002,1.1666666666666667,0.16666666666666669,0,2.0,0,75.735,0.5,0,1,0,0,0,1,0,0,0,0,1,0,0,0.0283,0,안전,Platinum
,3,4,2,19.0,1.0986122886681098,2.3999999999999995,1.9999999999999996,0.9999999999999998,0,1.6666666666666667,0,69.87666666666667,0.3333333333333333,0,0,1,0,0,1,0,0,0,0,1,1,0,0.0257,0,안전,Platinum
C0709,1,5,3,23.0,0.6931471805599453,7.5,9.0,4.0,0,0.6,0,34.016000000000005,0.6,0,1,0,0,0,1,0,0,0,0,1,0,1,0.9926,1,고위험,Risk
C0467,1,1,2,16.0,0.0,1.8181818181818181,20.0,20.0,1,1.3333333333333333,0,41.093333333333334,0.6666666666666666,0,0,0,1,0,0,1,0,0,1,0,1,0,0.0671,0,안전,VIP
,1,5,4,13.0,2.1972245773362196,3.461538461538461,1.1249999999999998,0.4999999999999999,0,1.0,0,48.0,0.6,0,1,1,0,0,0,0,0,0,0,1,0,0,0.0065,0,안전,Platinum
,1,4,6,12.0,1.0986122886681098,2.9999999999999996,2.4999999999999996,0.9999999999999998,0,1.3333333333333333,0,57.85,0.6666666666666666,0,1,1,0,0,1,0,0,0,1,0,1,1,0.8599,1,위험,Risk
,1,4,2,12.0,2.6390573296152584,1.5000000000000004,0.6153846153846155,0.15384615384615388,0,1.0,0,56.78,0.6666666666666666,0,0,1,0,0,1,0,0,0,0,1,1,0,0.0017,0,안전,Platinum
,1,5,2,14.0,2.70805020110221,3.0,0.7142857142857143,0.35714285714285715,0,0.5,0,40.0,0.8333333333333334,0,0,0,0,0,0,0,0,1,1,0,0,0,0.0048,0,안전,Platinum
,1,5,3,12.0,2.302585092994046,0.5,0.22222222222222218,0.22222222222222218,0,1.6666666666666667,0,50.196666666666665,0.6666666666666666,0,1,1,0,0,0,0,1,0,0,1,0,0,0.012,0,안전,Platinum
,1,4,3,13.0,3.4657359027997265,0.34285714285714286,0.0967741935483871,0.0967741935483871,0,0.75,0,37.18,0.75,1,1,0,1,0,0,0,1,0,1,0,1,0,0.0002,0,안전,Platinum
,1,4,2,13.0,1.0986122886681098,1.0,0.9999999999999998,0.4999999999999999,1,1.0,0,75.28,0.0,0,0,1,0,0,1,0,0,0,0,0,1,0,0.002,0,안전,Platinum
,1,4,1,11.0,2.302585092994046,3.764705882352941,0.8888888888888887,0.7777777777777777,0,0.25,1,23.5725,0.625,0,0,1,0,0,0,0,0,0,0,1,0,0,0.002,0,안전,Platinum
C1093,1,4,5,18.0,2.4849066497880004,0.6428571428571429,0.2727272727272727,0.18181818181818182,0,1.0,0,60.89333333333334,0.3333333333333333,0,1,1,0,0,1,0,0,0,1,0,1,0,0.0088,0,안전,Platinum
,1,5,2,14.0,2.995732273553991,1.8750000000000004,0.4736842105263159,0.21052631578947373,0,0.2,1,36.812,0.2,0,0,1,0,0,1,0,0,0,1,0,0,0,0.0071,0,안전,Platinum
,3,4,6,13.0,0.0,1.8181818181818181,20.0,20.0,1,1.6666666666666667,0,53.78,0.3333333333333333,0,1,1,0,0,1,0,0,0,1,0,1,1,0.9954,1,고위험,Risk
,1,4,2,24.0,1.3862943611198906,2.5,1.6666666666666667,0.6666666666666666,0,1.3333333333333333,0,50.67666666666667,0.6666666666666666,0,0,1,0,0,0,0,1,0,1,0,1,0,0.0121,0,안전,Platinum
,1,3,8,19.0,0.6931471805599453,0.0,0.0,1.0,1,2.5,0,83.365,0.0,0,1,1,0,0,1,0,0,0,0,0,1,1,0.5544,1,주의,Silver
,1,4,7,13.0,0.0,6.363636363636363,70.0,10.0,0,2.5,0,61.81,0.5,0,1,0,1,0,0,1,0,0,0,1,1,1,0.9991,1,고위험,Risk
,1,4,6,16.0,0.0,0.9090909090909091,10.0,10.0,0,2.0,0,62.730000000000004,0.0,0,1,0,1,0,0,1,0,0,0,0,0,1,0.9506,1,고위험,Risk
C0691,1,4,3,24.0,1.0986122886681098,2.9999999999999996,2.4999999999999996,0.9999999999999998,0,0.6666666666666666,1,48.56666666666666,0.6666666666666666,0,1,0,1,0,0,0,1,0,0,0,1,0,0.004,0,안전,Platinum
C0777,1,4,7,14.0,3.091042453358316,0.625,0.23809523809523805,0.09523809523809522,0,0.3333333333333333,1,58.56666666666666,0.3333333333333333,0,1,1,0,0,1,0,0,0,1,0,0,0,0.0043,0,안전,Platinum
,1,4,3,15.0,2.6390573296152584,5.500000000000001,0.8461538461538464,0.9230769230769234,1,0.38461538461538464,0,18.46153846153846,0.9230769230769231,0,1,1,0,1,0,0,0,0,0,0,1,0,0.0219,0,안전,Platinum
,1,3,2,13.0,2.6390573296152584,3.272727272727274,0.6153846153846155,0.6153846153846155,0,0.2222222222222222,1,16.290000000000003,0.3333333333333333,0,0,0,1,0,1,0,0,0,0,1,1,0,0.0139,0,안전,Platinum
,3,4,2,14.0,1.791759469228055,4.0,1.6,0.8,0,0.6,0,30.968,0.2,0,0,1,0,0,1,0,0,0,0,0,1,0,0.0009,0,안전,Platinum
,1,3,5,11.0,0.6931471805599453,2.6666666666666665,4.0,1.0,0,2.0,0,74.275,0.0,0,1,0,1,0,1,0,0,0,1,0,1,1,0.9451,1,위험,Risk
,3,4,9,14.0,2.9444389791664403,2.3913043478260874,0.6111111111111113,0.22222222222222227,0,0.8,0,48.0,0.4,0,1,1,0,0,0,0,0,1,1,0,1,0,0.0247,0,안전,Platinum
C0530,1,3,5,16.0,3.1354942159291497,0.24000000000000005,0.09090909090909091,0.09090909090909091,1,1.6666666666666667,0,41.95666666666667,0.3333333333333333,0,1,0,1,0,0,1,0,0,1,0,0,0,0.0008,0,안전,Platinum
C0045,3,4,5,16.0,2.302585092994046,1.0,0.44444444444444436,0.22222222222222218,1,1.6666666666666667,0,71.55333333333333,0.6666666666666666,0,1,1,0,0,1,0,0,0,0,0,1,0,0.1661,0,안전,Platinum
,1,3,9,23.0,1.6094379124341003,0.6666666666666667,0.5000000000000001,0.25000000000000006,1,1.0,0,69.645,0.5,0,1,0,1,0,0,0,1,0,0,0,0,0,0.1466,0,안전,Platinum
,1,5,5,17.0,2.302585092994046,2.25,0.9999999999999998,0.22222222222222218,0,1.3333333333333333,0,78.00999999999999,1.0,0,1,1,0,0,0,0,0,0,1,0,1,0,0.0153,0,안전,Platinum
,1,5,3,25.0,1.791759469228055,4.666666666666667,1.4,1.8,0,0.3,0,21.443,0.4,0,1,0,0,0,0,0,0,0,0,0,0,0,0.0054,0,안전,Platinum
,1,3,2,13.0,1.3862943611198906,6.75,3.0,2.6666666666666665,0,0.3333333333333333,0,14.99,0.8888888888888888,0,0,0,1,0,1,0,0,0,1,0,1,0,0.0559,0,안전,VIP
,1,3,2,13.0,0.0,1.8181818181818181,20.0,10.0,0,2.5,0,69.535,0.5,0,0,0,1,0,0,0,1,0,1,0,1,0,0.2691,0,관심,Gold
,1,4,9,14.0,2.772588722239781,0.11764705882352941,0.06666666666666668,0.06666666666666668,0,0.5,1,120.0,0.5,0,1,1,0,0,0,0,0,1,0,1,1,0,0.0047,0,안전,Platinum
,1,2,7,21.0,2.70805020110221,4.333333333333334,0.6428571428571429,0.8571428571428571,0,0.23076923076923078,0,14.52076923076923,0.46153846153846156,0,1,1,0,0,1,0,0,0,1,0,0,0,0.0003,0,안전,Platinum
,3,5,3,17.0,2.3978952727983707,2.6249999999999996,0.6999999999999998,0.4999999999999999,0,0.16666666666666666,1,36.865,0.6666666666666666,0,1,1,0,0,0,0,0,0,0,1,1,1,0.8297,1,위험,Risk
,1,4,3,13.0,0.6931471805599453,2.25,3.0,2.0,1,1.3333333333333333,0,49.92666666666667,0.3333333333333333,0,1,1,0,0,0,0,1,0,0,1,0,0,0.4695,0,관심,Gold
,1,4,6,18.0,0.6931471805599453,6.0,8.0,2.0,0,1.6666666666666667,0,59.48666666666667,0.3333333333333333,0,1,0,0,0,1,0,0,0,1,0,1,1,0.979,1,고위험,Risk
,1,3,8,15.0,2.302585092994046,1.4545454545454544,0.8888888888888887,0.11111111111111109,0,2.0,0,78.37,0.5,0,1,0,0,0,1,0,0,0,1,0,0,0,0.0022,0,안전,Platinum
,1,4,11,13.0,2.3978952727983707,0.46153846153846145,0.19999999999999996,0.19999999999999996,1,1.0,0,57.21,0.3333333333333333,0,1,1,0,0,1,0,0,0,1,0,0,0,0.051,0,안전,Platinum
,1,1,3,15.0,2.8903717578961645,0.30000000000000004,0.11764705882352944,0.11764705882352944,0,1.6666666666666667,0,50.11000000000001,0.3333333333333333,0,1,1,0,0,1,0,0,0,1,0,1,0,0.0007,0,안전,Platinum
,1,3,2,23.0,1.6094379124341003,0.0,0.0,0.25000000000000006,1,1.0,0,58.510000000000005,0.5,0,0,0,0,0,0,0,1,0,0,0,1,0,0.8119,1,위험,Risk
,1,2,4,13.0,2.772588722239781,0.6666666666666667,0.2666666666666667,0.13333333333333336,1,1.0,0,48.75666666666667,0.6666666666666666,0,1,0,1,0,0,0,1,0,0,0,1,0,0.0233,0,안전,Platinum
,1,3,3,14.0,1.791759469228055,2.0,1.4,0.2,0,2.0,0,63.59,0.5,0,1,0,0,0,0,1,0,0,0,1,1,0,0.007,0,안전,Platinum
,1,4,9,14.0,3.258096538021482,6.476190476190476,0.6399999999999999,0.6399999999999999,0,0.17647058823529413,0,14.117647058823529,0.5294117647058824,0,1,1,0,0,0,0,0,1,0,1,1,0,0.0016,0,안전,Platinum
C0233,1,4,3,18.0,2.4849066497880004,2.5,0.7272727272727273,0.36363636363636365,0,0.2,1,33.57,0.2,0,1,1,0,0,1,0,0,0,1,0,1,0,0.0062,0,안전,Platinum
,1,2,2,15.0,2.1972245773362196,0.818181818181818,0.37499999999999994,0.24999999999999994,1,0.3333333333333333,0,51.44,0.6666666666666666,0,0,1,0,0,0,0,1,0,1,0,1,0,0.0066,0,안전,Platinum
,3,3,1,12.0,3.1780538303479458,1.0399999999999998,0.5652173913043478,0.04347826086956521,0,1.5,0,81.735,0.5,0,0,0,0,0,1,0,0,0,0,0,0,0,0.0002,0,안전,Platinum
,1,3,2,13.0,0.0,1.8181818181818181,20.0,10.0,0,2.0,0,66.475,0.0,0,0,0,1,0,0,1,0,0,0,1,0,0,0.1746,0,안전,Platinum
,3,4,4,18.0,2.833213344056216,0.31578947368421056,0.125,0.125,0,0.3333333333333333,1,56.01333333333333,0.3333333333333333,0,1,0,0,0,1,0,0,0,1,0,1,0,0.0532,0,안전,Platinum
,1,3,4,17.0,2.3978952727983707,0.33333333333333326,0.19999999999999996,0.09999999999999998,0,1.5,0,78.84,0.0,0,1,1,0,0,1,0,0,0,1,0,1,0,0.0017,0,안전,Platinum
C0730,1,3,8,19.0,0.6931471805599453,0.0,0.0,1.0,1,2.5,0,83.365,0.5,0,1,1,0,0,1,0,0,0,1,0,1,1,0.7075,1,주의,Silver
,1,4,2,13.0,1.9459101490553132,0.5000000000000001,0.33333333333333337,0.16666666666666669,0,0.5,1,64.555,0.0,0,0,0,1,0,0,1,0,0,1,0,0,0,0.0068,0,안전,Platinum
,3,5,8,11.0,2.3978952727983707,1.7999999999999998,0.29999999999999993,1.3999999999999997,0,0.2,0,15.290666666666668,0.4,0,1,0,0,1,0,0,0,0,1,0,1,1,0.3985,0,관심,Gold
C0760,1,3,4,14.0,2.70805020110221,0.6666666666666666,0.21428571428571427,0.21428571428571427,1,0.25,0,38.6675,0.5,0,1,0,0,0,1,0,0,0,1,0,0,0,0.0018,0,안전,Platinum
,3,4,2,15.0,2.0794415416798357,1.2000000000000002,0.5714285714285716,0.2857142857142858,0,1.6666666666666667,0,56.24333333333333,0.3333333333333333,0,0,0,0,0,1,0,0,0,0,0,1,0,0.0138,0,안전,Platinum
,1,4,6,15.0,1.9459101490553132,1.0,0.5000000000000001,0.33333333333333337,0,1.6666666666666667,0,55.29,0.3333333333333333,0,1,0,0,0,1,0,0,0,1,0,1,0,0.0449,0,안전,Platinum
C0555,1,4,9,20.0,3.295836866004329,1.3125,0.2692307692307692,0.19230769230769232,0,0.6666666666666666,0,38.24166666666667,0.6666666666666666,0,1,1,0,0,0,0,0,0,0,1,1,0,0.0009,0,안전,Platinum
,1,4,8,14.0,1.9459101490553132,1.3333333333333333,0.6666666666666667,0.33333333333333337,0,1.0,0,53.11000000000001,0.3333333333333333,0,1,0,0,0,0,0,1,0,1,0,1,0,0.0061,0,안전,Platinum
C0665,3,3,1,12.0,2.5649493574615367,2.0,0.8333333333333334,0.16666666666666666,0,1.6666666666666667,0,77.80333333333334,1.3333333333333333,0,0,1,0,1,0,0,0,0,0,1,1,0,0.0031,0,안전,Platinum
,2,1,10,18.0,2.70805020110221,0.25,0.14285714285714285,0.07142857142857142,0,2.0,0,60.545,0.5,0,1,0,1,0,0,1,0,0,0,1,0,0,0.0047,0,안전,Platinum
,1,3,3,11.0,2.995732273553991,0.38095238095238104,0.21052631578947373,0.05263157894736843,0,1.0,1,86.895,0.5,0,1,1,0,0,1,0,0,0,1,0,1,0,0.0035,0,안전,Platinum
,1,5,1,11.0,0.6931471805599453,4.444444444444445,5.0,7.0,0,0.125,1,20.8425,0.875,0,0,0,0,0,1,0,0,0,1,0,0,0,0.0203,0,안전,VIP
,1,4,6,15.0,1.9459101490553132,1.0,0.5000000000000001,0.33333333333333337,0,1.6666666666666667,0,55.29,0.6666666666666666,0,1,0,0,0,1,0,0,0,1,0,1,0,0.0301,0,안전,Platinum
,3,4,6,12.0,2.995732273553991,0.5454545454545455,0.21052631578947373,0.10526315789473686,1,1.6666666666666667,0,58.35333333333333,0.3333333333333333,0,1,1,0,0,1,0,0,0,1,0,0,0,0.0272,0,안전,Platinum
,1,3,5,16.0,3.1354942159291497,0.24000000000000005,0.09090909090909091,0.09090909090909091,1,1.6666666666666667,0,41.95666666666667,0.0,0,1,0,1,0,0,1,0,0,1,0,0,0,0.0011,0,안전,Platinum
C0621,3,5,9,20.0,0.6931471805599453,0.75,1.0,2.0,1,0.3333333333333333,0,55.52333333333333,0.3333333333333333,0,1,1,0,0,1,0,0,0,1,0,0,0,0.903,1,위험,Risk
C0465,1,3,5,18.0,3.4011973816621555,0.18749999999999997,0.0689655172413793,0.0689655172413793,1,1.6666666666666667,0,47.52333333333333,0.6666666666666666,0,1,0,1,0,0,0,1,0,1,0,0,0,0.0002,0,안전,Platinum
,1,2,3,17.0,0.6931471805599453,13.636363636363635,15.0,16.0,0,0.29411764705882354,0,8.966470588235294,0.23529411764705882,0,1,1,0,0,0,0,1,0,0,1,0,1,0.9881,1,고위험,Risk
C0094,1,4,3,11.0,2.302585092994046,0.3636363636363636,0.22222222222222218,0.11111111111111109,1,2.0,0,94.235,0.0,0,1,1,0,0,1,0,0,0,1,0,1,0,0.0029,0,안전,Platinum
,1,4,3,16.0,1.3862943611198906,1.5,1.0,0.6666666666666666,0,0.6666666666666666,1,54.199999999999996,0.3333333333333333,0,1,1,0,0,0,0,1,0,1,0,0,0,0.0026,0,안전,Platinum
,3,4,4,15.0,3.258096538021482,3.4838709677419355,0.7199999999999999,0.19999999999999998,0,0.5,0,40.0,0.3333333333333333,0,1,1,0,1,0,0,0,0,0,0,0,0,0.0002,0,안전,Platinum
,3,2,2,12.0,2.1972245773362196,1.0909090909090906,0.4999999999999999,0.24999999999999994,0,0.3333333333333333,1,74.08333333333333,0.3333333333333333,0,0,1,0,0,1,0,0,0,1,0,1,0,0.0026,0,안전,Platinum
,3,4,6,12.0,2.995732273553991,0.5454545454545455,0.21052631578947373,0.10526315789473686,1,1.6666666666666667,0,58.35333333333333,0.3333333333333333,0,1,1,0,0,1,0,0,0,1,0,0,0,0.0272,0,안전,Platinum
C0670,1,4,3,11.0,2.4849066497880004,2.9473684210526314,0.6363636363636364,0.6363636363636364,0,0.375,0,19.15125,0.25,0,1,0,0,0,1,0,0,0,1,0,1,0,0.0144,0,안전,Platinum
C0803,3,1,2,15.0,1.791759469228055,2.2857142857142856,1.6,0.2,0,0.5,1,81.045,0.0,0,0,1,0,0,1,0,0,0,1,0,1,0,1e-04,0,안전,Platinum
C1064,1,3,8,14.0,2.0794415416798357,4.500000000000001,1.285714285714286,0.8571428571428573,0,0.7142857142857143,0,34.285714285714285,0.42857142857142855,0,1,0,0,1,0,0,0,0,1,0,1,0,0.0117,0,안전,Platinum
,1,5,2,23.0,0.6931471805599453,2.25,3.0,2.0,1,1.6666666666666667,0,49.403333333333336,0.3333333333333333,0,0,0,0,0,0,0,1,0,0,1,1,1,0.9962,1,고위험,Risk
,1,1,2,22.0,0.0,6.363636363636363,70.0,10.0,0,1.0,1,72.1,0.5,0,0,0,1,0,0,0,1,0,0,0,1,0,0.0018,0,안전,VIP
,3,3,3,25.0,2.5649493574615367,3.428571428571429,0.6666666666666666,0.6666666666666666,1,0.5555555555555556,0,20.116666666666667,0.1111111111111111,0,1,1,0,0,1,0,0,0,1,0,0,0,0.0024,0,안전,Platinum
,3,4,2,14.0,2.0794415416798357,3.375,0.8571428571428573,1.1428571428571432,1,0.3333333333333333,0,18.98111111111111,0.7777777777777778,0,0,1,0,0,0,0,0,0,0,0,1,0,0.0572,0,안전,Platinum
,1,4,1,21.0,1.6094379124341003,5.333333333333333,2.0000000000000004,1.7500000000000004,0,0.125,1,19.4775,0.0,0,0,1,0,0,1,0,0,0,1,0,1,0,0.0002,0,안전,Platinum
,1,2,3,21.0,0.6931471805599453,3.0,4.0,2.0,1,1.3333333333333333,0,62.13999999999999,0.6666666666666666,0,1,1,0,0,1,0,0,0,1,0,1,0,0.0053,0,안전,Platinum
,1,3,1,15.0,1.3862943611198906,0.8,0.6666666666666666,0.3333333333333333,0,2.5,0,99.785,0.0,0,0,1,0,0,1,0,0,0,1,0,1,0,0.0005,0,안전,Platinum
,1,2,3,14.0,2.0794415416798357,0.9000000000000002,0.42857142857142866,0.2857142857142858,1,1.3333333333333333,0,59.96,0.3333333333333333,0,1,0,0,0,1,0,0,0,0,0,0,0,0.0078,0,안전,Platinum
,1,4,3,25.0,3.091042453358316,0.764705882352941,0.09523809523809522,0.5714285714285713,0,0.07692307692307693,1,18.46153846153846,0.0,0,1,0,0,1,0,0,0,0,1,0,1,0,0.0061,0,안전,Platinum
,1,3,5,11.0,3.1354942159291497,0.5833333333333334,0.3181818181818182,0.045454545454545456,0,2.0,0,87.015,0.0,0,1,1,0,0,0,0,0,0,0,0,0,0,0.0002,0,안전,Platinum
C0230,3,5,3,13.0,0.6931471805599453,0.75,1.0,2.0,0,1.0,0,45.666666666666664,0.6666666666666666,0,1,0,1,0,0,0,1,0,0,1,0,0,0.9506,1,고위험,Risk
,1,4,9,17.0,3.044522437723423,0.9130434782608695,0.35,0.1,0,1.6666666666666667,0,72.98666666666666,0.3333333333333333,0,1,1,0,0,0,0,0,0,1,0,1,0,0.0042,0,안전,Platinum
,1,3,3,17.0,1.9459101490553132,0.0,0.0,0.16666666666666669,1,1.5,0,81.94,0.5,0,1,1,0,0,1,0,0,0,0,1,1,0,0.1289,0,안전,Platinum
,3,6,5,12.0,0.6931471805599453,2.4,3.0,3.0,1,0.75,0,42.6475,0.25,0,1,1,0,0,1,0,0,0,1,0,0,1,0.9925,1,고위험,Risk
,3,4,2,26.0,2.1972245773362196,3.7333333333333325,0.9999999999999998,0.7499999999999999,1,0.42857142857142855,0,21.154285714285717,0.14285714285714285,0,0,0,1,0,0,0,1,0,1,0,1,0,0.0203,0,안전,Platinum
,1,5,10,24.0,3.044522437723423,1.0434782608695652,0.4,0.1,1,1.6666666666666667,0,57.050000000000004,0.6666666666666666,0,1,1,0,0,1,0,0,0,1,0,0,0,0.0127,0,안전,Platinum
C0276,1,4,5,14.0,3.091042453358316,3.4411764705882346,0.4285714285714285,0.5714285714285713,0,0.3076923076923077,0,18.46153846153846,0.23076923076923078,0,1,1,0,0,0,0,0,1,1,0,1,0,0.0111,0,안전,Platinum
,3,3,2,20.0,0.6931471805599453,4.444444444444445,5.0,7.0,1,0.5,0,18.47375,0.875,0,0,0,1,0,1,0,0,0,0,0,0,0,0.1386,0,안전,Platinum
,1,5,5,18.0,2.1972245773362196,0.27272727272727265,0.12499999999999997,0.24999999999999994,0,0.3333333333333333,1,51.596666666666664,0.3333333333333333,0,1,0,0,0,0,0,1,0,1,0,1,0,0.01,0,안전,Platinum
,1,2,8,13.0,2.5649493574615367,4.333333333333333,1.0833333333333333,0.4166666666666667,1,0.8333333333333334,0,30.8,0.16666666666666666,0,1,0,0,0,1,0,0,0,0,1,0,0,0.0205,0,안전,Platinum
,1,5,11,15.0,2.70805020110221,0.5294117647058824,0.21428571428571427,0.14285714285714285,0,0.3333333333333333,1,57.919999999999995,0.3333333333333333,0,1,0,0,0,1,0,0,0,1,0,1,0,0.0126,0,안전,Platinum
,1,4,2,12.0,1.0986122886681098,1.7999999999999996,1.4999999999999998,0.9999999999999998,1,1.0,0,48.846666666666664,0.6666666666666666,0,0,0,0,0,0,0,1,0,0,1,1,0,0.3318,0,관심,Gold
,3,3,8,12.0,2.8903717578961645,0.0,0.0,0.05882352941176472,0,1.5,0,73.84,0.0,0,1,0,0,0,1,0,0,0,1,0,0,0,0.0167,0,안전,Platinum
C0660,1,3,1,20.0,0.0,1.8181818181818181,20.0,20.0,0,1.0,0,42.57666666666666,0.3333333333333333,0,0,0,1,0,0,1,0,0,1,0,1,0,0.039,0,안전,VIP
C0018,1,4,10,15.0,2.6390573296152584,0.7058823529411766,0.23076923076923084,0.23076923076923084,0,0.25,1,41.005,0.5,0,1,1,0,0,1,0,0,0,1,0,1,0,0.0014,0,안전,Platinum
,3,4,2,11.0,0.0,6.363636363636363,70.0,30.0,1,0.5,0,50.8125,0.75,0,0,1,0,0,0,0,0,0,0,0,1,1,0.991,1,고위험,Risk
,1,3,1,19.0,1.6094379124341003,2.3333333333333335,1.7500000000000004,0.25000000000000006,0,2.5,0,99.68,0.0,0,0,0,0,0,1,0,0,0,0,1,1,0,0.0044,0,안전,Platinum
,1,5,4,14.0,2.833213344056216,0.7777777777777778,0.4375,0.0625,0,1.0,1,120.0,0.5,0,1,1,0,0,0,0,0,1,0,0,1,0,0.0706,0,안전,Platinum
,1,5,5,17.0,3.258096538021482,0.42857142857142855,0.15999999999999998,0.07999999999999999,0,1.3333333333333333,0,80.0,0.3333333333333333,0,1,1,0,1,0,0,0,0,0,1,0,0,1e-04,0,안전,Platinum
,1,4,6,18.0,2.70805020110221,0.5294117647058824,0.21428571428571427,0.14285714285714285,0,1.6666666666666667,0,52.92333333333334,0.6666666666666666,0,1,1,0,0,0,0,1,0,1,0,0,0,0.0066,0,안전,Platinum
,1,3,2,12.0,1.6094379124341003,0.0,0.0,0.25000000000000006,1,2.5,0,60.370000000000005,0.5,0,0,0,1,0,0,1,0,0,1,0,0,1,0.9689,1,고위험,Risk
,1,4,5,23.0,2.833213344056216,0.9523809523809523,0.25,0.25,0,0.6,0,30.872000000000003,0.8,0,1,0,0,0,0,0,1,0,1,0,1,0,0.0022,0,안전,Platinum
C0182,3,5,6,15.0,2.6390573296152584,3.5000000000000004,0.7692307692307695,0.4615384615384617,0,0.42857142857142855,0,26.28857142857143,0.8571428571428571,0,1,1,0,0,1,0,0,0,1,0,0,0,0.0296,0,안전,Platinum
C0070,3,4,5,20.0,3.091042453358316,0.125,0.04761904761904761,0.09523809523809522,0,1.0,0,51.586666666666666,0.3333333333333333,0,1,0,0,0,1,0,0,0,0,1,1,0,0.3442,0,관심,Gold
,1,3,2,15.0,2.5649493574615367,2.6666666666666665,0.6666666666666666,0.4166666666666667,1,0.16666666666666666,0,27.453333333333333,0.0,0,0,0,0,0,1,0,0,0,1,0,1,0,0.0052,0,안전,Platinum
,1,4,1,17.0,1.0986122886681098,1.1999999999999997,0.9999999999999998,0.9999999999999998,0,0.6666666666666666,1,46.61000000000001,0.6666666666666666,0,0,0,1,0,0,0,1,0,0,1,1,0,0.0015,0,안전,Platinum
,1,3,2,11.0,2.4849066497880004,4.285714285714286,0.8181818181818182,0.8181818181818182,0,0.1,1,12.406,0.6,0,0,0,0,0,1,0,0,0,0,1,0,0,0.0046,0,안전,Platinum
,1,3,2,18.0,2.9444389791664403,3.928571428571429,0.6111111111111113,0.5000000000000001,0,0.5,0,15.209999999999999,0.5,0,0,0,0,0,0,0,0,0,1,0,1,0,0.012,0,안전,Platinum
,3,3,2,18.0,0.0,2.727272727272727,30.0,10.0,1,2.5,0,70.97,0.5,0,0,0,1,0,1,0,0,0,0,0,1,0,0.5288,1,주의,Silver
C0410,1,4,1,13.0,2.9444389791664403,1.4545454545454548,0.44444444444444453,0.1666666666666667,0,0.25,1,39.765,0.0,0,0,1,0,0,1,0,0,0,1,0,0,0,0.001,0,안전,Platinum
,1,3,3,15.0,3.1780538303479458,1.0833333333333333,0.13043478260869562,0.5217391304347825,1,0.23076923076923078,0,16.342307692307692,0.0,0,1,0,0,1,0,0,0,0,1,0,1,0,0.0004,0,안전,Platinum
C0589,1,4,8,15.0,2.8903717578961645,0.15000000000000002,0.05882352941176472,0.11764705882352944,0,1.6666666666666667,0,80.0,0.6666666666666666,0,1,1,0,1,0,0,0,0,0,0,1,0,0.0066,0,안전,Platinum
,3,5,2,12.0,2.6390573296152584,1.3125000000000002,0.5384615384615387,0.15384615384615388,0,0.3333333333333333,1,80.0,1.3333333333333333,0,0,1,0,1,0,0,0,0,1,0,0,0,0.1243,0,안전,Platinum
,1,3,7,17.0,2.772588722239781,0.23529411764705882,0.13333333333333336,0.06666666666666668,1,2.5,0,77.05,0.0,0,1,1,0,0,1,0,0,0,1,0,1,0,0.0037,0,안전,Platinum
,1,3,3,16.0,2.6390573296152584,0.0,0.0,0.07692307692307694,1,2.5,0,82.58,0.5,0,1,1,0,0,1,0,0,0,1,0,0,0,0.0321,0,안전,Platinum
C0373,3,4,8,12.0,2.6390573296152584,0.4000000000000001,0.23076923076923084,0.07692307692307694,0,2.0,0,84.26,0.5,0,1,1,0,0,1,0,0,0,1,0,0,0,0.07,0,안전,Platinum
,1,6,2,16.0,2.302585092994046,1.6,0.44444444444444436,0.5555555555555555,0,0.5,0,27.883333333333336,0.5,0,0,1,0,0,0,0,1,0,0,1,1,0,0.0123,0,안전,Platinum
,1,3,4,22.0,2.70805020110221,0.0,0.0,0.07142857142857142,0,0.5,1,63.91,0.0,0,1,0,1,0,0,1,0,0,1,0,1,0,0.0379,0,안전,Platinum
,1,4,9,14.0,3.091042453358316,3.7499999999999996,0.4285714285714285,0.6666666666666665,1,0.26666666666666666,0,16.0,0.4,0,1,1,0,0,0,0,0,1,0,1,1,1,0.4894,0,관심,Gold
,1,3,2,12.0,1.6094379124341003,0.33333333333333337,0.25000000000000006,0.25000000000000006,1,2.5,0,84.165,0.5,0,0,1,0,0,1,0,0,0,1,0,1,0,0.0518,0,안전,Platinum
C0880,1,4,3,26.0,2.302585092994046,2.0,0.8888888888888887,0.22222222222222218,1,0.6666666666666666,0,55.04666666666666,0.3333333333333333,0,1,1,0,0,1,0,0,0,0,0,0,0,0.0008,0,안전,Platinum
C0611,3,3,1,11.0,2.4849066497880004,2.9473684210526314,0.6363636363636364,0.6363636363636364,0,0.5,0,24.905,0.375,0,0,1,0,0,1,0,0,0,1,0,1,0,0.0081,0,안전,Platinum
,3,4,3,13.0,0.6931471805599453,0.75,1.0,2.0,1,0.3333333333333333,0,46.89666666666667,0.6666666666666666,0,1,0,0,0,0,0,1,0,0,1,0,1,0.9932,1,고위험,Risk
,1,4,4,13.0,3.4339872044851463,0.35294117647058826,0.1,0.1,1,0.5,0,59.315,0.0,1,1,1,0,1,0,0,0,0,0,1,0,0,1e-04,0,안전,Platinum
,1,3,7,17.0,0.0,0.9090909090909091,10.0,20.0,0,1.0,0,47.94,0.0,0,1,0,1,0,0,0,1,0,0,1,1,1,0.9262,1,위험,Risk
,1,5,3,13.0,0.6931471805599453,2.25,3.0,2.0,0,1.0,0,57.056666666666665,0.6666666666666666,0,1,1,0,0,1,0,0,0,0,1,1,0,0.1301,0,안전,Platinum
,1,5,4,12.0,2.4849066497880004,3.4375,1.0,0.36363636363636365,0,0.6,0,46.412,0.0,0,1,1,0,0,0,0,0,0,1,0,0,0,0.0028,0,안전,Platinum
C0040,3,4,7,18.0,2.1972245773362196,0.818181818181818,0.37499999999999994,0.24999999999999994,0,1.6666666666666667,0,63.333333333333336,0.6666666666666666,0,1,1,0,0,1,0,0,0,1,0,0,0,0.0931,0,안전,Platinum
,3,3,2,12.0,2.70805020110221,2.739130434782609,0.5,0.5714285714285714,0,0.3333333333333333,0,21.378888888888888,0.6666666666666666,0,0,1,0,0,0,0,0,0,0,1,1,0,0.0665,0,안전,Platinum
C0721,1,6,3,16.0,0.6931471805599453,1.5,2.0,2.0,0,1.6666666666666667,0,49.836666666666666,0.6666666666666666,0,1,0,1,0,0,0,1,0,0,0,1,0,0.3672,0,관심,Gold
,1,4,2,15.0,0.0,0.0,0.0,10.0,1,2.5,0,63.0,0.5,0,0,0,1,0,0,1,0,0,0,1,0,1,0.9846,1,고위험,Risk
C0034,1,4,3,12.0,0.6931471805599453,3.0,4.0,2.0,0,1.0,0,50.056666666666665,0.6666666666666666,0,1,1,0,0,0,0,1,0,1,0,1,0,0.0935,0,안전,Platinum
,1,5,3,23.0,1.6094379124341003,4.454545454545455,1.7500000000000004,1.5000000000000004,0,0.42857142857142855,0,29.962857142857143,0.7142857142857143,0,1,0,0,0,0,0,0,0,0,1,1,0,0.0492,0,안전,Platinum
,1,5,4,16.0,2.833213344056216,2.88,0.5,0.5,0,0.4444444444444444,0,19.378888888888888,0.8888888888888888,0,1,1,0,0,1,0,0,0,0,0,1,1,0.8675,1,위험,Risk
,1,4,5,14.0,2.8903717578961645,2.086956521739131,0.47058823529411775,0.2941176470588236,1,0.5,0,30.298333333333332,0.3333333333333333,0,1,0,0,0,1,0,0,0,1,0,1,0,0.0057,0,안전,Platinum
,1,3,8,11.0,2.1972245773362196,0.5454545454545453,0.24999999999999994,0.24999999999999994,1,1.0,0,42.199999999999996,0.0,0,1,0,1,0,0,1,0,0,1,0,1,0,0.4093,0,관심,Gold
,1,4,10,24.0,1.791759469228055,1.1249999999999998,0.6,0.4,1,0.6666666666666666,0,54.76333333333333,0.6666666666666666,0,1,1,0,0,0,0,1,0,0,0,0,0,0.356,0,관심,Gold
,1,5,3,14.0,2.1972245773362196,1.0909090909090906,0.4999999999999999,0.24999999999999994,1,0.3333333333333333,0,53.74,0.6666666666666666,0,1,1,0,0,0,0,1,0,1,0,1,0,0.0066,0,안전,Platinum
C0983,3,4,2,12.0,1.6094379124341003,3.0000000000000004,1.2500000000000002,1.2500000000000002,0,0.5,0,31.795,0.6666666666666666,0,0,1,0,0,1,0,0,0,0,1,0,0,0.008,0,안전,Platinum
,3,3,3,13.0,0.0,0.0,0.0,10.0,0,1.5,0,90.805,0.5,0,1,1,0,0,0,0,0,0,1,0,1,1,0.8644,1,위험,Risk
,1,4,2,22.0,1.6094379124341003,5.090909090909092,2.0000000000000004,1.5000000000000004,1,0.5714285714285714,0,22.97,0.5714285714285714,0,0,1,0,0,0,0,1,0,1,0,1,0,0.0301,0,안전,Platinum
,1,4,7,19.0,1.0986122886681098,2.0,1.4999999999999998,1.4999999999999998,0,0.75,0,37.1925,0.75,0,1,0,1,0,0,0,1,0,1,0,0,0,0.0076,0,안전,Platinum
,3,6,8,16.0,0.6931471805599453,0.75,1.0,2.0,0,1.3333333333333333,0,64.11666666666666,0.3333333333333333,0,1,1,0,0,1,0,0,0,0,1,1,1,0.9961,1,고위험,Risk
,3,4,6,23.0,3.4657359027997265,5.1063829787234045,0.4838709677419355,0.4838709677419355,0,0.25,0,6.25,0.6875,1,1,0,0,1,0,0,0,0,1,0,1,0,0.0002,0,안전,Platinum
,1,4,10,21.0,3.295836866004329,0.5172413793103449,0.19230769230769232,0.07692307692307693,0,1.0,0,52.163333333333334,0.6666666666666666,0,1,1,0,0,1,0,0,0,0,0,0,0,0.0003,0,안전,Platinum
,1,4,3,14.0,2.3978952727983707,1.8461538461538458,0.7999999999999998,0.19999999999999996,0,0.6666666666666666,1,48.843333333333334,0.6666666666666666,0,1,0,0,0,0,0,1,0,0,1,0,0,0.0014,0,안전,Platinum
,3,4,3,19.0,1.3862943611198906,5.0,3.3333333333333335,0.6666666666666666,0,0.6666666666666666,1,56.846666666666664,0.3333333333333333,0,1,0,0,0,1,0,0,0,0,1,1,0,0.0004,0,안전,Platinum
C0870,3,3,2,11.0,0.0,3.6363636363636362,40.0,10.0,1,1.5,0,72.39,0.5,0,0,0,1,0,1,0,0,0,0,1,1,0,0.3539,0,관심,Gold
,1,4,11,13.0,2.3978952727983707,0.46153846153846145,0.19999999999999996,0.19999999999999996,1,1.0,0,57.21,0.3333333333333333,0,1,1,0,0,1,0,0,0,1,0,0,0,0.051,0,안전,Platinum
,1,3,6,11.0,2.995732273553991,0.19047619047619052,0.10526315789473686,0.05263157894736843,0,1.5,0,102.635,0.0,0,1,0,0,0,0,0,0,0,1,0,0,0,0.0077,0,안전,Platinum
,1,4,4,23.0,3.4339872044851463,0.09090909090909091,0.03333333333333333,0.06666666666666667,0,1.6666666666666667,0,48.553333333333335,0.6666666666666666,1,1,0,1,0,0,0,1,0,0,0,0,0,0.0002,0,안전,Platinum
,3,4,2,13.0,2.302585092994046,0.0,0.0,0.9999999999999998,0,0.3,0,17.596,0.8,0,0,1,0,0,0,0,0,0,1,0,1,0,0.0054,0,안전,Platinum
,1,5,3,12.0,0.6931471805599453,6.0,8.0,2.0,0,1.6666666666666667,0,55.22,0.3333333333333333,0,1,1,0,0,0,0,1,0,1,0,1,0,0.1287,0,안전,Platinum
,1,5,3,14.0,0.6931471805599453,0.75,1.0,2.0,1,1.0,0,51.443333333333335,0.3333333333333333,0,1,1,0,0,0,0,1,0,1,0,0,0,0.8155,1,위험,Risk
,1,3,8,21.0,1.0986122886681098,1.1999999999999997,0.9999999999999998,0.9999999999999998,1,1.6666666666666667,0,41.346666666666664,0.3333333333333333,0,1,0,1,0,0,1,0,0,1,0,1,1,0.9635,1,고위험,Risk
C0910,3,2,10,13.0,0.6931471805599453,2.25,3.0,2.0,0,1.0,0,57.35666666666666,0.6666666666666666,0,1,0,0,0,1,0,0,0,1,0,1,1,0.493,0,관심,Gold
,3,2,6,17.0,1.6094379124341003,0.5000000000000001,0.25000000000000006,0.7500000000000002,1,1.0,0,60.0,0.5,0,1,0,0,1,0,0,0,0,0,1,0,1,0.9959,1,고위험,Risk
,1,4,5,19.0,2.5649493574615367,1.6,0.6666666666666666,0.16666666666666666,0,0.6666666666666666,1,62.53666666666667,0.3333333333333333,0,1,1,0,0,1,0,0,0,0,0,1,0,0.0023,0,안전,Platinum
,1,4,7,22.0,2.6390573296152584,0.0,0.0,0.07692307692307694,0,1.5,0,67.24,0.5,0,1,0,1,0,1,0,0,0,0,0,0,0,0.005,0,안전,Platinum
C1026,3,3,2,11.0,0.0,7.2727272727272725,80.0,10.0,1,0.5,0,78.085,0.0,0,0,0,0,0,1,0,0,0,1,0,1,1,0.9838,1,고위험,Risk
C0125,1,5,4,14.0,3.1780538303479458,0.11538461538461536,0.04347826086956521,0.08695652173913042,0,1.0,0,80.0,0.3333333333333333,0,1,1,0,0,0,0,0,1,0,0,1,0,0.0002,0,안전,Platinum
,3,3,4,16.0,2.302585092994046,0.1818181818181818,0.11111111111111109,0.11111111111111109,1,2.0,0,96.39,0.0,0,1,1,0,0,1,0,0,0,0,1,0,0,0.0511,0,안전,Platinum
,1,3,1,13.0,1.0986122886681098,1.0,0.9999999999999998,0.4999999999999999,0,2.0,0,65.9,0.5,0,0,0,0,0,0,1,0,0,1,0,0,0,0.0141,0,안전,Platinum
,1,3,3,11.0,2.1972245773362196,0.5454545454545453,0.24999999999999994,0.24999999999999994,0,0.3333333333333333,1,64.54,0.6666666666666666,0,1,0,0,0,0,0,0,0,0,1,1,0,0.0121,0,안전,Platinum
,1,4,2,20.0,1.6094379124341003,0.0,0.0,0.25000000000000006,0,1.5,0,60.144999999999996,0.5,0,0,0,0,0,0,1,0,0,1,0,0,0,0.0436,0,안전,Platinum
,1,5,3,14.0,2.70805020110221,3.0,0.7142857142857143,0.35714285714285715,0,0.5,0,40.0,0.8333333333333334,0,1,1,0,0,0,0,0,1,0,1,1,0,0.0046,0,안전,Platinum
,3,3,2,19.0,1.6094379124341003,0.6666666666666667,0.5000000000000001,0.25000000000000006,0,1.5,0,91.73,0.0,0,0,1,0,0,1,0,0,0,1,0,1,0,0.0009,0,안전,Platinum
,1,4,3,14.0,1.791759469228055,6.954545454545454,1.8,3.2,0,0.17647058823529413,0,14.117647058823529,0.11764705882352941,0,1,1,0,0,0,0,0,1,1,0,0,1,0.601,1,주의,Silver
,3,5,6,20.0,2.4849066497880004,0.2142857142857143,0.09090909090909091,0.18181818181818182,0,1.0,0,62.78,0.6666666666666666,0,1,1,0,0,1,0,0,0,1,0,1,0,0.0063,0,안전,Platinum
,3,4,5,16.0,2.302585092994046,1.0,0.44444444444444436,0.22222222222222218,1,1.6666666666666667,0,71.55333333333333,0.3333333333333333,0,1,1,0,0,1,0,0,0,1,0,1,0,0.0515,0,안전,Platinum
,3,6,3,16.0,2.833213344056216,3.3333333333333335,0.625,0.4375,0,0.125,1,30.0,0.5,0,1,1,0,0,0,0,0,1,1,0,0,1,0.9599,1,고위험,Risk
C0026,3,3,2,12.0,0.0,2.727272727272727,30.0,10.0,1,1.5,0,70.81,0.5,0,0,0,1,0,1,0,0,0,0,0,0,0,0.0975,0,안전,VIP
,1,4,3,13.0,2.4849066497880004,0.6428571428571429,0.2727272727272727,0.18181818181818182,1,0.3333333333333333,0,49.419999999999995,0.3333333333333333,0,1,0,0,0,0,0,1,0,1,0,1,0,0.0156,0,안전,Platinum
,1,5,1,12.0,1.6094379124341003,1.3333333333333335,1.0000000000000002,0.25000000000000006,0,1.5,0,71.725,0.0,0,0,0,0,0,1,0,0,0,1,0,1,0,0.0046,0,안전,Platinum
,3,3,2,19.0,1.6094379124341003,4.285714285714286,1.5000000000000004,2.2500000000000004,1,0.3,0,19.852,0.3,0,0,0,0,0,0,0,0,0,1,0,0,0,0.2016,0,관심,Gold
C0895,1,3,6,18.0,2.8903717578961645,0.30000000000000004,0.11764705882352944,0.11764705882352944,1,1.0,0,67.36333333333333,0.6666666666666666,0,1,0,0,0,0,0,0,0,0,1,1,0,0.0396,0,안전,Platinum
,1,4,11,18.0,1.3862943611198906,1.5,1.0,0.6666666666666666,0,1.0,0,51.580000000000005,0.6666666666666666,0,1,1,0,0,0,0,1,0,1,0,0,0,0.0128,0,안전,Platinum
,3,4,3,17.0,1.0986122886681098,4.799999999999999,3.999999999999999,0.9999999999999998,0,0.3333333333333333,1,59.17666666666667,0.6666666666666666,0,1,1,0,0,1,0,0,0,0,1,1,0,0.001,0,안전,Platinum
,1,3,3,16.0,2.0794415416798357,0.0,0.0,0.2857142857142858,1,0.6666666666666666,0,40.97666666666667,0.6666666666666666,0,1,0,1,0,0,1,0,0,0,0,1,1,0.6563,1,주의,Silver
,1,3,1,18.0,1.6094379124341003,0.8571428571428572,0.5000000000000001,0.5000000000000001,1,0.3333333333333333,0,42.31666666666666,0.6666666666666666,0,0,0,1,0,0,1,0,0,1,0,1,0,0.0166,0,안전,Platinum
C0339,1,5,2,14.0,0.6931471805599453,4.666666666666667,7.0,1.0,0,2.0,0,82.745,0.5,0,0,1,0,0,1,0,0,0,0,0,1,0,0.0005,0,안전,Platinum
C0867,1,4,11,17.0,1.3862943611198906,1.5,1.0,0.6666666666666666,0,0.3333333333333333,1,49.00333333333333,0.3333333333333333,0,1,0,1,0,0,0,1,0,0,1,1,0,0.0056,0,안전,Platinum
C0284,1,4,3,14.0,2.9444389791664403,0.6666666666666667,0.11111111111111113,0.44444444444444453,1,0.5555555555555556,0,16.732222222222223,0.3333333333333333,0,1,1,0,0,0,0,1,0,0,0,1,0,0.0043,0,안전,Platinum
,3,2,4,13.0,3.044522437723423,1.1739130434782608,0.45,0.1,0,1.6666666666666667,0,80.0,0.6666666666666666,0,1,1,0,1,0,0,0,0,1,0,0,0,0.0005,0,안전,Platinum
,1,4,6,22.0,2.3978952727983707,3.333333333333333,0.9999999999999998,0.3999999999999999,0,0.6,0,30.038,0.4,0,1,1,0,0,0,0,1,0,0,1,1,0,0.0095,0,안전,Platinum
,3,4,4,13.0,2.4849066497880004,0.8571428571428572,0.36363636363636365,0.18181818181818182,0,0.3333333333333333,1,66.42666666666666,0.3333333333333333,0,1,1,0,0,0,0,0,0,0,1,1,0,0.0264,0,안전,Platinum
,1,4,9,21.0,2.8903717578961645,0.4500000000000001,0.17647058823529416,0.11764705882352944,0,0.6666666666666666,1,49.193333333333335,0.3333333333333333,0,1,0,0,0,0,0,1,0,0,0,1,0,0.0026,0,안전,Platinum
,1,4,3,17.0,0.0,0.0,0.0,10.0,0,1.5,0,80.66,0.5,0,1,1,0,0,1,0,0,0,0,0,1,0,0.3961,0,관심,Gold
,1,3,3,22.0,3.1780538303479458,0.23076923076923073,0.08695652173913042,0.08695652173913042,0,1.6666666666666667,0,80.0,0.3333333333333333,0,1,0,0,1,0,0,0,0,1,0,0,0,0.0,0,안전,Platinum
C0039,2,4,2,13.0,1.0986122886681098,4.5,4.499999999999999,0.4999999999999999,0,2.5,0,89.94,0.0,0,0,1,0,0,0,0,0,0,0,1,1,0,0.0255,0,안전,Platinum
C1118,1,2,4,17.0,2.1972245773362196,1.0909090909090906,0.4999999999999999,0.24999999999999994,0,0.6666666666666666,1,52.6,0.3333333333333333,0,1,1,0,0,0,0,1,0,0,1,0,0,0.0006,0,안전,Platinum
,1,3,3,11.0,3.4339872044851463,0.125,0.06666666666666667,0.03333333333333333,0,1.5,0,83.775,0.0,1,1,1,0,0,1,0,0,0,1,0,1,0,0.0002,0,안전,Platinum
C0492,3,4,7,17.0,3.1354942159291497,0.8400000000000001,0.3181818181818182,0.09090909090909091,0,1.3333333333333333,0,77.06666666666666,0.3333333333333333,0,1,1,0,1,0,0,0,0,0,0,1,0,0.0002,0,안전,Platinum
,3,4,3,14.0,2.70805020110221,4.5,0.6428571428571429,0.9285714285714286,0,0.2857142857142857,0,17.142857142857142,0.14285714285714285,0,1,1,0,0,0,0,0,1,0,1,1,0,0.0499,0,안전,Platinum
,3,2,2,19.0,2.6390573296152584,1.5000000000000004,0.6153846153846155,0.15384615384615388,0,1.0,0,67.93333333333334,0.3333333333333333,0,0,1,0,0,0,0,0,0,0,1,1,0,0.0018,0,안전,Platinum
C0877,1,4,3,26.0,1.791759469228055,3.3749999999999996,1.8,0.4,0,1.3333333333333333,0,77.16000000000001,0.3333333333333333,0,1,1,0,0,0,0,0,0,1,0,1,0,0.0002,0,안전,Platinum
,1,4,4,14.0,2.8903717578961645,0.31578947368421056,0.17647058823529416,0.05882352941176472,0,1.5,0,65.81,0.0,0,1,0,0,0,0,1,0,0,0,1,1,0,0.0309,0,안전,Platinum
,1,3,5,18.0,2.9444389791664403,0.20000000000000004,0.11111111111111113,0.055555555555555566,1,0.5,0,96.9,0.5,0,1,1,0,0,0,0,0,0,1,0,1,0,0.0006,0,안전,Platinum
,3,5,3,12.0,0.6931471805599453,5.833333333333334,7.0,4.0,1,0.4,0,45.65,0.8,0,1,1,0,0,0,0,0,0,0,0,1,1,0.9767,1,고위험,Risk
C0598,1,3,5,13.0,2.833213344056216,0.2222222222222222,0.125,0.0625,0,1.5,0,62.19,0.0,0,1,0,0,0,0,1,0,0,0,1,1,0,0.0202,0,안전,Platinum
,1,3,10,14.0,0.0,1.8181818181818181,20.0,20.0,1,0.3333333333333333,0,49.29,0.6666666666666666,0,1,0,1,0,0,0,1,0,1,0,1,1,0.9875,1,고위험,Risk
,1,5,4,14.0,2.833213344056216,0.7777777777777778,0.4375,0.0625,0,0.5,1,120.0,0.5,0,1,1,0,0,0,0,0,1,1,0,1,0,0.0951,0,안전,Platinum
,1,4,10,19.0,3.091042453358316,1.0,0.3809523809523809,0.09523809523809522,0,1.3333333333333333,0,59.88999999999999,0.3333333333333333,0,1,0,0,0,1,0,0,0,1,0,1,0,0.0029,0,안전,Platinum
,2,4,4,12.0,1.6094379124341003,0.0,0.0,0.25000000000000006,0,2.5,0,82.05,0.0,0,1,1,0,0,1,0,0,0,0,0,1,0,0.0282,0,안전,Platinum
,1,3,2,15.0,0.0,6.363636363636363,70.0,60.0,1,0.42857142857142855,0,23.11285714285714,0.42857142857142855,0,0,1,0,0,1,0,0,0,0,0,1,1,0.9743,1,고위험,Risk
,2,5,8,12.0,0.6931471805599453,2.25,3.0,2.0,0,0.3333333333333333,1,48.93333333333334,0.6666666666666666,0,1,0,0,0,0,0,1,0,1,0,0,1,0.6795,1,주의,Silver
,1,3,4,18.0,2.6390573296152584,0.3750000000000001,0.15384615384615388,0.15384615384615388,1,0.3333333333333333,0,46.89666666666667,0.3333333333333333,0,1,0,0,0,1,0,0,0,1,0,1,0,0.0036,0,안전,Platinum
,3,4,9,15.0,1.6094379124341003,1.2857142857142858,0.7500000000000002,0.5000000000000001,0,1.6666666666666667,0,57.596666666666664,0.6666666666666666,0,1,1,0,0,1,0,0,0,1,0,0,0,0.1133,0,안전,Platinum
,2,4,10,18.0,3.4657359027997265,0.34285714285714286,0.0967741935483871,0.0967741935483871,0,0.75,0,36.9175,0.25,1,1,0,1,0,0,0,1,0,1,0,1,0,0.0004,0,안전,Platinum
,1,1,2,17.0,2.1972245773362196,3.7333333333333325,0.9999999999999998,0.7499999999999999,0,0.42857142857142855,0,19.15285714285714,0.8571428571428571,0,0,0,1,0,1,0,0,0,1,0,1,0,1e-04,0,안전,Platinum
,1,4,3,24.0,1.6094379124341003,5.000000000000001,2.2500000000000004,1.0000000000000002,1,1.0,0,48.0,0.2,0,1,1,0,0,0,0,0,0,0,0,0,0,0.0611,0,안전,Platinum
,1,4,4,15.0,2.833213344056216,3.387096774193549,0.4375,0.875,1,0.06666666666666667,0,15.082666666666666,0.8666666666666667,0,1,0,0,0,0,0,0,0,1,0,1,0,0.039,0,안전,Platinum
C0902,1,4,2,13.0,0.6931471805599453,7.199999999999999,8.0,8.0,1,0.2222222222222222,0,22.281111111111112,0.3333333333333333,0,0,0,0,0,0,0,0,0,0,1,0,1,0.9942,1,고위험,Risk
,3,1,5,16.0,1.3862943611198906,0.0,0.0,1.0,1,1.0,0,57.985,0.25,0,1,0,0,1,0,0,0,0,0,1,0,1,0.997,1,고위험,Risk
,3,3,5,21.0,2.995732273553991,0.7619047619047621,0.42105263157894746,0.05263157894736843,1,0.5,0,78.86,0.5,0,1,0,0,0,1,0,0,0,0,1,1,0,0.0024,0,안전,Platinum
,1,4,3,26.0,2.9444389791664403,8.181818181818183,1.0000000000000002,0.7777777777777779,0,0.06666666666666667,1,11.360666666666667,0.4666666666666667,0,1,1,0,0,1,0,0,0,0,1,1,0,0.0015,0,안전,Platinum
,1,4,4,14.0,0.6931471805599453,2.25,3.0,2.0,0,0.3333333333333333,1,50.26666666666667,0.3333333333333333,0,1,0,0,0,0,0,1,0,0,1,1,0,0.0899,0,안전,Platinum
,1,4,5,12.0,2.70805020110221,1.4117647058823528,0.5714285714285714,0.14285714285714285,0,1.0,0,54.916666666666664,0.6666666666666666,0,1,0,0,0,1,0,0,0,1,0,1,0,0.0124,0,안전,Platinum
,1,5,2,11.0,1.6094379124341003,0.0,0.0,0.25000000000000006,1,0.5,0,55.644999999999996,0.5,0,0,1,0,0,0,0,1,0,1,0,0,0,0.4406,0,관심,Gold
,3,4,6,17.0,2.995732273553991,1.2857142857142858,0.21052631578947373,0.42105263157894746,0,0.2222222222222222,1,19.62222222222222,0.1111111111111111,0,1,1,0,0,1,0,0,0,0,1,1,1,0.9569,1,고위험,Risk
,1,3,5,11.0,3.1354942159291497,0.5833333333333334,0.3181818181818182,0.045454545454545456,0,2.0,0,87.015,0.0,0,1,1,0,0,0,0,0,0,1,0,0,0,0.0002,0,안전,Platinum
,1,3,3,11.0,0.0,0.0,0.0,10.0,0,1.5,0,67.425,0.5,0,1,0,1,0,0,1,0,0,0,1,1,1,0.809,1,위험,Risk
,1,5,7,14.0,3.2188758248682006,3.461538461538462,0.37500000000000006,0.5833333333333334,1,0.2,0,16.0,0.3333333333333333,0,1,1,0,0,0,0,0,1,1,0,0,0,0.0043,0,안전,Platinum
,3,5,3,13.0,0.6931471805599453,4.5,5.0,8.0,1,0.1111111111111111,0,20.364444444444445,0.5555555555555556,0,1,1,0,0,1,0,0,0,0,1,1,1,0.9862,1,고위험,Risk
,3,5,3,12.0,1.9459101490553132,6.842105263157896,1.666666666666667,2.0000000000000004,1,0.3076923076923077,0,13.636923076923077,0.9230769230769231,0,1,1,0,0,1,0,0,0,1,0,0,0,0.0448,0,안전,Platinum
C0775,3,3,1,12.0,2.6390573296152584,0.38095238095238104,0.07692307692307694,0.5384615384615387,0,0.625,0,19.34125,0.25,0,0,1,0,0,1,0,0,0,1,0,1,0,0.0009,0,안전,Platinum
,3,3,10,12.0,3.044522437723423,5.121212121212121,0.65,0.6,1,0.23076923076923078,0,18.284615384615385,0.5384615384615384,0,1,0,0,1,0,0,0,0,1,0,0,0,0.122,0,안전,Platinum
C0054,3,5,3,20.0,2.4849066497880004,0.46153846153846156,0.2727272727272727,0.09090909090909091,1,0.5,0,77.025,0.0,0,1,1,0,0,1,0,0,0,1,0,0,0,0.0008,0,안전,Platinum
,1,3,2,17.0,0.0,0.0,0.0,10.0,1,2.0,0,62.040000000000006,0.0,0,0,0,1,0,0,1,0,0,1,0,1,1,0.9962,1,고위험,Risk
,3,3,5,18.0,1.0986122886681098,0.0,0.0,0.4999999999999999,1,1.5,0,76.19,0.5,0,1,1,0,0,1,0,0,0,1,0,0,1,0.9476,1,위험,Risk
C0428,1,5,3,25.0,0.6931471805599453,0.75,1.0,2.0,1,0.3333333333333333,0,49.79666666666666,0.6666666666666666,0,1,0,0,0,0,0,1,0,0,1,1,1,0.9983,1,고위험,Risk
,2,5,6,12.0,2.1972245773362196,2.454545454545454,1.1249999999999998,0.24999999999999994,0,1.3333333333333333,0,56.63333333333333,0.3333333333333333,0,1,0,0,0,1,0,0,0,1,0,1,0,0.0126,0,안전,Platinum
,1,5,3,14.0,0.6931471805599453,2.4,3.0,3.0,0,0.75,0,37.5975,0.5,0,1,1,0,0,0,0,1,0,1,0,1,0,0.291,0,관심,Gold
,1,3,2,19.0,2.1972245773362196,1.5999999999999996,0.9999999999999998,0.12499999999999997,0,1.5,0,75.49,0.0,0,0,1,0,0,1,0,0,0,0,1,1,0,0.0013,0,안전,Platinum
C0959,3,3,1,13.0,2.70805020110221,2.5,0.35714285714285715,0.9285714285714286,1,0.21428571428571427,0,14.605,0.0,0,0,1,0,0,0,0,0,0,1,0,0,0,0.0077,0,안전,Platinum
,3,4,5,14.0,3.044522437723423,0.3333333333333333,0.1,0.15,0,1.25,0,60.0,0.75,0,1,1,0,0,0,0,0,1,0,1,0,0,0.0175,0,안전,Platinum
C0578,1,5,8,16.0,2.772588722239781,0.5000000000000001,0.2,0.13333333333333336,1,1.3333333333333333,0,61.77333333333333,0.6666666666666666,0,1,1,0,0,1,0,0,0,0,1,1,0,0.0293,0,안전,Platinum
,1,3,2,12.0,1.6094379124341003,0.0,0.0,0.25000000000000006,0,0.5,1,59.754999999999995,0.5,0,0,1,0,0,0,1,0,0,1,0,1,0,0.1085,0,안전,Platinum
C0963,1,2,3,22.0,0.6931471805599453,0.75,1.0,2.0,1,1.6666666666666667,0,47.00333333333333,0.6666666666666666,0,1,0,1,0,0,0,1,0,0,0,1,1,0.973,1,고위험,Risk
,1,3,8,16.0,2.3978952727983707,0.6666666666666665,0.3999999999999999,0.09999999999999998,0,0.5,1,81.735,0.5,0,1,1,0,0,1,0,0,0,1,0,1,0,0.002,0,안전,Platinum
,1,6,4,21.0,1.6094379124341003,1.2857142857142858,0.7500000000000002,0.5000000000000001,0,0.3333333333333333,1,61.97,0.6666666666666666,0,1,1,0,0,1,0,0,0,0,1,0,0,0.0236,0,안전,Platinum
,1,4,5,14.0,2.4849066497880004,0.7692307692307693,0.45454545454545453,0.09090909090909091,0,2.0,0,62.34,0.0,0,1,0,0,0,0,1,0,0,1,0,0,0,0.0089,0,안전,Platinum
,1,4,2,15.0,2.0794415416798357,0.9000000000000002,0.42857142857142866,0.2857142857142858,0,0.6666666666666666,1,50.0,0.3333333333333333,0,0,1,0,0,0,0,1,0,0,1,1,0,0.0142,0,안전,Platinum
C0886,1,3,2,24.0,0.0,1.8181818181818181,20.0,20.0,0,0.6666666666666666,1,41.07666666666666,0.0,0,0,0,1,0,0,1,0,0,0,0,1,0,0.0011,0,안전,VIP
,1,4,8,12.0,3.1354942159291497,0.8400000000000001,0.3181818181818182,0.09090909090909091,1,1.0,0,79.88,0.3333333333333333,0,1,1,0,1,0,0,0,0,0,1,0,0,0.0009,0,안전,Platinum
,1,6,2,22.0,1.0986122886681098,0.5999999999999999,0.4999999999999999,0.9999999999999998,0,1.6666666666666667,0,33.333333333333336,0.6666666666666666,0,0,1,0,0,1,0,0,0,1,0,0,0,0.0012,0,안전,Platinum
C1105,3,3,1,22.0,0.0,3.6363636363636362,40.0,10.0,1,1.5,0,74.535,0.5,0,0,0,1,0,1,0,0,0,1,0,0,0,0.1753,0,안전,Platinum
,3,5,3,14.0,1.6094379124341003,1.2857142857142858,0.7500000000000002,0.5000000000000001,0,1.0,0,62.06,0.6666666666666666,0,1,1,0,0,1,0,0,0,1,0,0,0,0.0105,0,안전,Platinum
C0112,1,3,2,19.0,1.0986122886681098,2.5,2.4999999999999996,0.4999999999999999,0,0.5,1,61.7,0.5,0,0,0,1,0,0,1,0,0,0,1,1,0,0.0078,0,안전,Platinum
,1,3,3,14.0,3.367295829986474,0.6341463414634145,0.07142857142857142,0.4285714285714285,1,0.23076923076923078,0,18.46153846153846,0.07692307692307693,0,1,1,0,1,0,0,0,0,1,0,0,0,1e-04,0,안전,Platinum
,3,3,1,14.0,1.3862943611198906,0.8,0.6666666666666666,0.3333333333333333,0,2.0,0,64.915,0.0,0,0,0,1,0,0,1,0,0,0,1,1,0,0.0248,0,안전,Platinum
,3,3,5,16.0,2.9444389791664403,0.9230769230769232,0.1666666666666667,0.38888888888888895,0,0.25,1,18.95,0.0,0,1,1,0,0,1,0,0,0,0,1,1,1,0.9215,1,위험,Risk
,1,4,2,16.0,1.6094379124341003,2.3333333333333335,1.7500000000000004,0.25000000000000006,1,2.0,0,60.665000000000006,0.5,0,0,0,0,0,1,0,0,0,1,0,0,0,0.0079,0,안전,Platinum
C0023,2,3,1,21.0,2.0794415416798357,0.6666666666666669,0.42857142857142866,0.1428571428571429,0,1.5,0,60.31999999999999,0.0,0,0,0,1,0,0,1,0,0,1,0,1,0,0.009,0,안전,Platinum
C0779,1,2,2,14.0,2.302585092994046,1.0,0.44444444444444436,0.22222222222222218,0,1.3333333333333333,0,49.75333333333333,0.6666666666666666,0,0,0,1,0,0,0,1,0,1,0,1,0,0.0014,0,안전,Platinum
,3,3,9,11.0,1.6094379124341003,1.666666666666667,1.2500000000000002,0.25000000000000006,1,0.5,0,79.965,0.0,0,1,1,0,0,1,0,0,0,0,1,0,1,0.7331,1,주의,Silver
,1,3,5,22.0,2.302585092994046,0.0,0.0,0.11111111111111109,1,2.0,0,84.81,0.5,0,1,1,0,0,1,0,0,0,1,0,0,0,0.0166,0,안전,Platinum
,1,4,8,11.0,0.0,0.0,0.0,10.0,0,2.5,0,62.80500000000001,0.0,0,1,0,0,0,0,1,0,0,0,1,1,1,0.9959,1,고위험,Risk
,3,5,3,14.0,1.6094379124341003,1.2857142857142858,0.7500000000000002,0.5000000000000001,0,1.0,0,62.06,0.3333333333333333,0,1,1,0,0,1,0,0,0,1,0,0,0,0.0134,0,안전,Platinum
,3,1,5,16.0,1.3862943611198906,0.0,0.0,1.0,1,1.0,0,57.985,0.25,0,1,0,0,1,0,0,0,0,0,1,0,1,0.997,1,고위험,Risk
,1,3,1,12.0,1.6094379124341003,1.0000000000000002,0.7500000000000002,0.25000000000000006,1,0.5,0,74.105,0.5,0,0,0,1,0,0,0,1,0,1,0,1,0,0.0169,0,안전,Platinum
,3,5,3,14.0,0.6931471805599453,9.166666666666668,11.0,4.0,0,1.0,0,39.672000000000004,0.2,0,1,1,0,0,0,0,0,0,0,0,0,1,0.9925,1,고위험,Risk
,1,6,4,14.0,3.4657359027997265,0.2647058823529412,0.0967741935483871,0.06451612903225806,1,1.0,0,60.53333333333333,0.6666666666666666,1,1,0,0,0,1,0,0,0,1,0,1,0,0.0005,0,안전,Platinum
,1,2,3,14.0,2.9444389791664403,2.666666666666667,0.44444444444444453,0.44444444444444453,0,0.1111111111111111,1,16.123333333333335,0.2222222222222222,0,1,0,1,0,0,0,1,0,1,0,0,0,0.0247,0,안전,Platinum
C0931,1,5,5,19.0,2.772588722239781,0.0,0.0,0.06666666666666668,0,0.5,1,71.36,0.5,0,1,0,1,0,1,0,0,0,0,1,1,0,0.0075,0,안전,Platinum
,3,4,2,15.0,0.6931471805599453,1.5,2.0,2.0,0,0.3333333333333333,1,58.166666666666664,0.6666666666666666,0,0,1,0,0,1,0,0,0,0,1,1,0,0.0099,0,안전,Platinum
,1,6,3,14.0,3.2188758248682006,3.8461538461538467,0.41666666666666674,0.5833333333333334,1,0.06666666666666667,0,16.0,0.2,0,1,0,0,1,0,0,0,0,0,1,1,0,0.0025,0,안전,Platinum
,3,4,3,12.0,3.295836866004329,2.5454545454545454,0.46153846153846156,0.23076923076923078,0,0.5714285714285714,0,25.035714285714285,0.0,0,1,0,0,0,0,0,0,0,0,0,0,0,0.0002,0,안전,Platinum
,1,3,9,11.0,3.332204510175204,0.5517241379310346,0.29629629629629634,0.03703703703703704,0,1.5,0,103.695,0.0,0,1,1,0,0,0,0,0,0,1,0,0,0,0.0002,0,안전,Platinum
,1,1,7,12.0,2.4849066497880004,3.75,1.0909090909090908,0.36363636363636365,1,1.0,0,31.96,0.8,0,1,0,0,0,1,0,0,0,0,1,0,0,0.0144,0,안전,Platinum
,3,3,6,21.0,2.302585092994046,1.2727272727272725,0.7777777777777777,0.11111111111111109,0,2.0,0,86.57,0.5,0,1,1,0,0,0,0,0,0,1,0,0,1,0.7837,1,주의,Silver
,3,4,6,13.0,3.044522437723423,0.9130434782608695,0.35,0.1,1,0.3333333333333333,0,76.22666666666667,0.3333333333333333,0,1,1,0,0,0,0,0,0,1,0,1,0,0.002,0,안전,Platinum
,2,4,7,14.0,2.5649493574615367,2.6470588235294117,0.75,0.3333333333333333,0,0.8,0,30.183999999999997,0.6,0,1,0,0,0,0,0,1,0,1,0,1,0,0.0117,0,안전,Platinum
,1,2,4,16.0,2.9444389791664403,0.5454545454545455,0.1666666666666667,0.1666666666666667,0,1.25,0,43.8325,0.75,0,1,1,0,0,1,0,0,0,1,0,1,0,0.0002,0,안전,Platinum
,1,4,4,18.0,2.0794415416798357,0.30000000000000004,0.1428571428571429,0.2857142857142858,1,1.0,0,62.96,0.3333333333333333,0,1,1,0,0,1,0,0,0,0,1,1,0,0.1116,0,안전,Platinum
,3,4,10,15.0,3.1354942159291497,2.32258064516129,0.36363636363636365,0.36363636363636365,0,0.3333333333333333,0,21.043333333333333,0.8888888888888888,0,1,1,0,0,1,0,0,0,1,0,0,0,0.0027,0,안전,Platinum
,1,4,3,12.0,1.0986122886681098,2.3999999999999995,1.9999999999999996,0.9999999999999998,0,0.3333333333333333,1,48.48,0.3333333333333333,0,1,0,1,0,0,0,1,0,1,0,1,0,0.0166,0,안전,Platinum
C0168,3,1,3,16.0,2.302585092994046,5.687499999999999,1.4444444444444442,0.6666666666666665,0,0.7142857142857143,0,20.912857142857142,0.7142857142857143,0,1,0,0,0,1,0,0,0,0,0,0,0,0.0003,0,안전,Platinum
C0103,3,4,3,14.0,0.6931471805599453,0.75,1.0,2.0,0,1.3333333333333333,0,48.443333333333335,0.3333333333333333,0,1,0,0,0,0,0,1,0,1,0,0,0,0.8049,1,위험,Risk
,1,3,2,25.0,0.0,0.0,0.0,10.0,0,2.5,0,62.760000000000005,0.0,0,0,0,1,0,0,1,0,0,0,1,1,0,0.3215,0,관심,Gold
,3,4,6,13.0,2.833213344056216,0.0,0.0,0.25,0,0.4,1,46.8,0.2,0,1,1,0,0,0,0,0,0,1,0,1,0,0.0237,0,안전,Platinum
,1,4,4,12.0,3.258096538021482,0.3214285714285714,0.11999999999999998,0.07999999999999999,0,1.0,0,80.0,1.0,0,1,1,0,0,0,0,0,0,1,0,0,0,1e-04,0,안전,Platinum
C0723,3,3,1,13.0,0.0,3.6363636363636362,40.0,10.0,1,2.0,0,81.745,0.0,0,0,0,0,0,1,0,0,0,1,0,1,0,0.0393,0,안전,VIP
,1,4,4,23.0,3.4339872044851463,0.09090909090909091,0.03333333333333333,0.06666666666666667,0,1.6666666666666667,0,48.553333333333335,0.3333333333333333,1,1,0,1,0,0,0,1,0,1,0,0,0,0.0002,0,안전,Platinum
,1,2,2,13.0,0.6931471805599453,6.0,8.0,2.0,0,1.6666666666666667,0,53.593333333333334,0.3333333333333333,0,0,1,0,0,0,0,1,0,0,1,1,0,0.2176,0,관심,Gold
,1,3,10,22.0,3.1780538303479458,0.23999999999999996,0.13043478260869562,0.04347826086956521,0,1.0,1,120.0,0.5,0,1,1,0,1,0,0,0,0,1,0,1,0,1e-04,0,안전,Platinum
,1,4,2,14.0,1.3862943611198906,2.0,1.3333333333333333,0.6666666666666666,0,1.6666666666666667,0,54.68,0.3333333333333333,0,0,1,0,0,0,0,1,0,0,1,1,1,0.6846,1,주의,Silver
,1,3,3,18.0,2.302585092994046,0.1818181818181818,0.11111111111111109,0.11111111111111109,0,0.5,1,73.39,0.5,0,1,0,1,0,0,0,1,0,0,1,1,0,0.0008,0,안전,Platinum
C0537,1,3,5,12.0,2.302585092994046,0.3636363636363636,0.22222222222222218,0.11111111111111109,0,2.5,0,90.04,0.5,0,1,1,0,0,0,0,0,0,1,0,0,0,0.0385,0,안전,Platinum
,1,4,7,13.0,2.5649493574615367,1.1428571428571428,0.16666666666666666,1.25,1,0.25,0,15.0,0.1875,0,1,1,0,1,0,0,0,0,1,0,0,0,0.0111,0,안전,Platinum
,3,5,3,15.0,3.295836866004329,1.7586206896551726,0.6538461538461539,0.07692307692307693,0,1.6666666666666667,0,80.0,0.6666666666666666,0,1,1,0,1,0,0,0,0,1,0,1,0,0.0002,0,안전,Platinum
,1,5,2,12.0,2.833213344056216,0.7894736842105263,0.3125,0.125,0,0.6666666666666666,1,56.74333333333333,0.3333333333333333,0,0,0,0,0,1,0,0,0,0,0,0,0,0.0015,0,안전,Platinum
,1,4,3,14.0,2.6390573296152584,1.3125000000000002,0.5384615384615387,0.15384615384615388,1,1.0,0,80.0,0.3333333333333333,0,1,0,0,0,0,0,0,1,1,0,1,0,0.0193,0,안전,Platinum
,1,5,8,13.0,2.4423470353692043,1.931034482758621,0.6666666666666667,0.28571428571428575,1,1.0,0,30.54,0.25,0,1,0,1,0,0,1,0,0,0,1,0,1,0.8724,1,위험,Risk
,1,3,2,13.0,2.772588722239781,4.5,0.6000000000000001,0.9333333333333335,0,0.06666666666666667,1,16.0,0.2,0,0,0,0,0,0,0,0,1,1,0,1,0,0.0093,0,안전,Platinum
,1,3,5,20.0,2.6390573296152584,0.4800000000000001,0.07692307692307694,0.8461538461538464,0,0.16666666666666666,1,16.935,0.3333333333333333,0,1,1,0,0,0,0,0,0,0,0,1,0,0.0068,0,안전,Platinum
,1,5,5,12.0,2.0794415416798357,0.9000000000000002,0.42857142857142866,0.2857142857142858,1,1.6666666666666667,0,50.99666666666667,0.3333333333333333,0,1,1,0,0,0,0,1,0,0,1,1,0,0.3062,0,관심,Gold
,2,4,11,16.0,0.6931471805599453,5.25,7.0,2.0,1,1.6666666666666667,0,74.83333333333333,0.6666666666666666,0,1,0,0,0,0,0,0,0,1,0,0,1,0.993,1,고위험,Risk
,1,4,7,21.0,1.9459101490553132,0.25000000000000006,0.16666666666666669,0.16666666666666669,0,2.0,0,63.11,0.0,0,1,0,1,0,0,1,0,0,0,0,0,0,0.0354,0,안전,Platinum
C0732,1,3,5,17.0,2.5649493574615367,0.0,0.0,0.08333333333333333,0,1.5,0,61.295,0.5,0,1,0,1,0,0,1,0,0,1,0,1,0,0.1045,0,안전,Platinum
,1,6,4,15.0,2.9444389791664403,0.7142857142857144,0.27777777777777785,0.11111111111111113,0,1.0,0,54.02666666666667,0.3333333333333333,0,1,0,0,0,0,0,1,0,0,1,1,0,0.0255,0,안전,Platinum
,1,4,5,19.0,3.258096538021482,0.10714285714285714,0.039999999999999994,0.07999999999999999,0,1.3333333333333333,0,80.0,0.3333333333333333,0,1,1,0,1,0,0,0,0,0,1,0,0,0.0,0,안전,Platinum
,1,4,8,15.0,3.367295829986474,0.3999999999999999,0.07142857142857142,0.21428571428571425,0,0.7142857142857143,0,34.285714285714285,0.42857142857142855,0,1,0,0,1,0,0,0,0,0,1,1,0,0.0002,0,안전,Platinum
,1,5,3,15.0,1.3862943611198906,2.5,1.6666666666666667,0.6666666666666666,0,1.6666666666666667,0,54.28333333333333,0.3333333333333333,0,1,1,0,0,0,0,1,0,0,1,0,0,0.0526,0,안전,Platinum
,1,3,2,17.0,1.791759469228055,2.5714285714285716,1.8,0.2,0,2.0,0,81.1,0.5,0,0,1,0,0,1,0,0,0,1,0,1,0,0.0003,0,안전,Platinum
,1,3,9,17.0,1.9459101490553132,2.6666666666666665,1.3333333333333335,0.33333333333333337,0,0.6666666666666666,1,58.51666666666667,0.6666666666666666,0,1,1,0,0,1,0,0,0,0,1,0,0,0.0022,0,안전,Platinum
C0934,3,3,1,13.0,3.4339872044851463,2.418604651162791,0.26666666666666666,0.4,0,0.23076923076923078,0,18.363076923076925,0.0,1,0,1,0,1,0,0,0,0,0,1,1,0,0.0019,0,안전,Platinum
,1,4,2,18.0,1.0986122886681098,3.5,3.499999999999999,0.4999999999999999,0,1.5,0,109.67500000000001,0.5,0,0,1,0,0,0,0,0,0,0,0,1,0,0.0006,0,안전,Platinum
C0484,1,4,2,12.0,0.0,1.8181818181818181,20.0,10.0,0,1.5,0,65.165,0.0,0,0,0,1,0,0,1,0,0,0,1,1,0,0.2109,0,관심,Gold
,1,5,2,24.0,0.0,5.454545454545454,60.0,10.0,1,1.5,0,80.37,0.5,0,0,0,0,0,1,0,0,0,0,1,1,1,0.9967,1,고위험,Risk
C0366,1,3,2,18.0,1.6094379124341003,0.4285714285714286,0.25000000000000006,0.5000000000000001,0,1.3333333333333333,0,40.32,0.3333333333333333,0,0,0,1,0,0,1,0,0,0,1,0,0,0.0226,0,안전,Platinum
,1,3,3,19.0,3.4011973816621555,0.19354838709677416,0.10344827586206895,0.03448275862068965,0,1.5,0,64.71,0.5,0,1,0,0,0,0,1,0,0,1,0,0,0,1e-04,0,안전,Platinum
,1,4,4,24.0,3.091042453358316,2.8,0.33333333333333326,0.619047619047619,0,0.21428571428571427,0,15.095,0.7142857142857143,0,1,1,0,0,0,0,0,0,0,1,1,0,0.0245,0,안전,Platinum
,3,5,3,12.0,0.6931471805599453,3.5555555555555554,4.0,7.0,0,0.625,0,27.7675,0.5,0,1,1,0,0,1,0,0,0,1,0,1,1,0.8671,1,위험,Risk
,1,3,2,23.0,1.6094379124341003,2.666666666666667,2.0000000000000004,0.25000000000000006,0,0.5,1,72.12,0.5,0,0,0,1,0,1,0,0,0,0,1,0,0,0.0009,0,안전,Platinum
C0117,1,3,2,19.0,1.6094379124341003,5.333333333333333,2.0000000000000004,1.7500000000000004,1,0.5,0,15.0275,0.0,0,0,0,0,0,0,1,0,0,1,0,0,1,0.4699,0,관심,Gold
,1,3,7,18.0,2.3513752571634776,0.4800000000000001,0.21052631578947367,0.21052631578947367,0,1.3333333333333333,0,40.080000000000005,0.6666666666666666,0,1,0,0,0,0,1,0,0,1,0,1,0,0.0121,0,안전,Platinum
,3,6,8,20.0,2.6390573296152584,0.5625000000000001,0.23076923076923084,0.15384615384615388,0,1.0,0,60.78666666666667,0.3333333333333333,0,1,0,0,0,1,0,0,0,1,0,0,0,0.0356,0,안전,Platinum
,1,4,10,14.0,3.044522437723423,0.0,0.0,0.05,1,0.5,0,61.900000000000006,0.5,0,1,0,0,0,0,1,0,0,1,0,1,1,0.9148,1,위험,Risk
,1,4,4,12.0,2.302585092994046,2.1538461538461537,0.7777777777777777,0.33333333333333326,0,0.5,1,54.655,0.25,0,1,0,0,0,0,0,0,0,0,1,1,0,0.0129,0,안전,Platinum
,1,3,8,15.0,2.3978952727983707,0.49999999999999994,0.29999999999999993,0.09999999999999998,1,1.5,0,64.98,0.5,0,1,0,1,0,0,1,0,0,0,0,1,0,0.4034,0,관심,Gold
,3,4,4,13.0,2.5649493574615367,0.6,0.25,0.16666666666666666,0,1.3333333333333333,0,55.66,0.3333333333333333,0,1,1,0,0,1,0,0,0,0,1,0,0,0.0094,0,안전,Platinum
,1,4,3,12.0,2.0794415416798357,0.41666666666666674,0.1428571428571429,0.5714285714285716,1,0.6,0,30.818,0.6,0,1,0,0,0,0,0,1,0,1,0,0,0,0.1794,0,안전,Platinum
,1,4,8,14.0,0.6931471805599453,2.4,3.0,3.0,1,0.25,0,40.555,0.75,0,1,0,0,0,0,0,1,0,0,0,1,1,0.9934,1,고위험,Risk
,1,3,4,14.0,2.70805020110221,0.25,0.14285714285714285,0.07142857142857142,0,1.0,1,61.349999999999994,0.0,0,1,0,1,0,0,1,0,0,1,0,0,0,0.0643,0,안전,Platinum
,3,3,8,14.0,2.70805020110221,1.25,0.7142857142857143,0.07142857142857142,0,0.5,1,81.15,0.0,0,1,0,0,0,1,0,0,0,0,1,1,0,0.0139,0,안전,Platinum
,1,3,4,14.0,3.367295829986474,1.3999999999999997,0.24999999999999997,0.21428571428571425,1,0.5714285714285714,0,23.407142857142855,0.2857142857142857,0,1,0,0,0,1,0,0,0,1,0,1,0,0.0002,0,안전,Platinum
,1,4,10,19.0,2.1972245773362196,0.0,0.0,0.12499999999999997,0,2.0,0,82.7,0.5,0,1,1,0,0,1,0,0,0,0,1,1,0,0.0005,0,안전,Platinum
,1,4,4,15.0,3.4657359027997265,0.34285714285714286,0.0967741935483871,0.0967741935483871,1,0.75,0,60.0,0.25,1,1,0,0,1,0,0,0,0,1,0,1,0,0.0004,0,안전,Platinum
,1,3,5,14.0,2.4849066497880004,0.0,0.0,0.09090909090909091,1,1.5,0,89.305,0.0,0,1,1,0,0,0,0,0,0,0,1,0,0,0.0815,0,안전,Platinum
,1,5,3,14.0,1.3862943611198906,0.5,0.3333333333333333,0.6666666666666666,0,1.6666666666666667,0,48.696666666666665,0.3333333333333333,0,1,0,1,0,0,0,1,0,1,0,0,0,0.0787,0,안전,Platinum
,1,3,3,11.0,2.0794415416798357,0.6666666666666669,0.42857142857142866,0.1428571428571429,0,2.0,0,60.065,0.0,0,1,1,0,0,0,1,0,0,0,1,1,0,0.069,0,안전,Platinum
C1070,1,4,3,15.0,2.772588722239781,2.4347826086956523,0.46666666666666673,0.46666666666666673,0,0.5,0,18.67625,0.875,0,1,0,1,0,1,0,0,0,0,0,1,1,0.913,1,위험,Risk
C1102,1,4,3,20.0,1.3862943611198906,3.0,2.0,0.6666666666666666,0,0.6666666666666666,1,49.46666666666667,0.3333333333333333,0,1,0,1,0,0,0,1,0,0,1,1,0,0.0018,0,안전,Platinum
,1,3,3,16.0,2.772588722239781,0.23529411764705882,0.13333333333333336,0.06666666666666668,0,1.5,0,76.325,0.0,0,1,0,0,0,1,0,0,0,1,0,0,0,0.0015,0,안전,Platinum
,3,4,3,19.0,1.6094379124341003,0.4285714285714286,0.25000000000000006,0.5000000000000001,0,1.3333333333333333,0,49.919999999999995,0.6666666666666666,0,1,1,0,0,0,0,1,0,1,0,1,0,0.0774,0,안전,Platinum
,1,4,2,15.0,1.3862943611198906,1.0,0.6666666666666666,0.6666666666666666,0,1.3333333333333333,0,52.63666666666666,0.6666666666666666,0,0,0,0,0,0,0,1,0,1,0,0,0,0.0026,0,안전,Platinum
C0256,1,4,3,14.0,2.833213344056216,7.172413793103448,1.0,0.75,0,0.15384615384615385,1,18.46153846153846,0.07692307692307693,0,1,1,0,0,0,0,0,1,0,0,1,0,0.0026,0,안전,Platinum
,1,3,2,25.0,2.1972245773362196,1.3999999999999997,0.8749999999999998,0.12499999999999997,1,0.5,0,70.07,0.0,0,0,0,1,0,1,0,0,0,1,0,0,0,0.0005,0,안전,Platinum
C0674,1,4,8,15.0,0.6931471805599453,2.25,3.0,2.0,1,1.6666666666666667,0,48.47333333333333,0.3333333333333333,0,1,0,0,0,0,0,1,0,1,0,1,1,0.9873,1,고위험,Risk
,1,4,6,16.0,3.2188758248682006,1.2068965517241381,0.2916666666666667,0.16666666666666669,0,0.8,0,44.98,0.2,0,1,1,0,0,0,0,0,0,0,0,1,0,0.0009,0,안전,Platinum
,1,5,2,12.0,0.6931471805599453,3.75,5.0,2.0,0,1.3333333333333333,0,53.26333333333333,0.6666666666666666,0,0,0,0,0,0,0,1,0,0,1,1,1,0.8314,1,위험,Risk
C0255,1,1,2,21.0,1.6094379124341003,0.0,0.0,0.25000000000000006,1,2.5,0,58.004999999999995,0.5,0,0,1,0,0,0,0,1,0,0,0,1,1,0.9815,1,고위험,Risk
C0994,3,3,10,14.0,0.6931471805599453,3.75,5.0,2.0,1,0.6666666666666666,0,59.346666666666664,0.6666666666666666,0,1,0,0,0,1,0,0,0,0,1,1,1,0.9976,1,고위험,Risk
,1,4,10,20.0,2.70805020110221,0.1764705882352941,0.07142857142857142,0.14285714285714285,0,0.3333333333333333,1,49.68666666666667,0.6666666666666666,0,1,0,1,0,0,0,1,0,1,0,1,0,0.0015,0,안전,Platinum
,1,3,2,12.0,1.6094379124341003,4.2,1.7500000000000004,1.2500000000000002,0,0.3333333333333333,1,20.191666666666666,0.16666666666666666,0,0,0,1,0,0,1,0,0,0,1,0,0,0.0027,0,안전,Platinum
,2,4,2,22.0,1.6094379124341003,1.7142857142857144,1.0000000000000002,0.5000000000000001,0,1.0,0,48.54666666666666,0.3333333333333333,0,0,0,1,0,0,0,1,0,1,0,1,0,0.0053,0,안전,Platinum
,3,3,2,11.0,1.0986122886681098,0.0,0.0,0.4999999999999999,0,1.5,0,63.209999999999994,0.5,0,0,0,1,0,0,1,0,0,0,1,1,0,0.2998,0,관심,Gold
,1,3,2,11.0,0.0,3.6363636363636362,40.0,10.0,0,0.5,1,67.225,0.5,0,0,0,1,0,0,1,0,0,0,1,0,0,0.015,0,안전,VIP
C0068,1,4,5,14.0,3.332204510175204,1.4545454545454548,0.29629629629629634,0.1851851851851852,0,0.5,0,40.0,0.8333333333333334,0,1,1,0,0,0,0,0,1,1,0,0,0,0.0003,0,안전,Platinum
,1,3,8,14.0,3.044522437723423,3.2941176470588234,0.4,0.65,1,0.2857142857142857,0,17.142857142857142,0.35714285714285715,0,1,1,0,0,0,0,0,1,0,1,1,1,0.8793,1,위험,Risk
,1,3,2,13.0,1.0986122886681098,4.5,4.499999999999999,0.4999999999999999,0,1.5,0,71.595,0.0,0,0,0,0,0,1,0,0,0,0,0,1,0,0.0017,0,안전,Platinum
C0438,1,4,6,14.0,2.9444389791664403,0.28571428571428575,0.11111111111111113,0.11111111111111113,1,0.6666666666666666,0,80.0,0.6666666666666666,0,1,1,0,0,0,0,0,1,0,0,1,0,0.0055,0,안전,Platinum
,3,3,3,12.0,1.3862943611198906,2.909090909090909,1.3333333333333333,2.3333333333333335,0,0.25,1,24.27375,0.25,0,1,1,0,0,0,0,0,0,0,0,0,0,0.0606,0,안전,VIP
,1,3,8,11.0,3.332204510175204,0.0,0.0,0.03703703703703704,0,1.5,0,68.9,0.5,0,1,0,1,0,1,0,0,0,0,1,0,0,0.0004,0,안전,Platinum
,3,4,4,14.0,2.0794415416798357,1.090909090909091,0.42857142857142866,0.42857142857142866,0,1.25,0,47.23,0.75,0,1,1,0,0,1,0,0,0,1,0,1,0,0.1638,0,안전,Platinum
,1,5,3,16.0,3.4011973816621555,0.3695652173913043,0.03448275862068965,0.5517241379310344,1,0.23529411764705882,0,14.117647058823529,0.17647058823529413,0,1,0,0,1,0,0,0,0,1,0,1,0,0.0007,0,안전,Platinum
,3,4,8,19.0,2.1972245773362196,0.818181818181818,0.37499999999999994,0.24999999999999994,0,1.0,0,49.10333333333333,0.3333333333333333,0,1,0,0,0,0,0,1,0,1,0,0,0,0.0291,0,안전,Platinum
,1,4,3,13.0,3.1354942159291497,0.0,0.0,0.045454545454545456,0,1.5,0,120.0,0.5,0,1,1,0,0,0,0,0,1,0,0,1,0,1e-04,0,안전,Platinum
,1,4,3,14.0,2.6390573296152584,0.3750000000000001,0.15384615384615388,0.15384615384615388,0,1.0,0,42.696666666666665,0.0,0,1,0,1,0,0,1,0,0,0,1,1,0,0.0292,0,안전,Platinum
C0308,1,4,11,13.0,1.9459101490553132,4.800000000000001,1.3333333333333335,1.3333333333333335,0,0.3333333333333333,0,18.36111111111111,0.6666666666666666,0,1,0,0,0,0,0,1,0,0,1,0,0,0.0035,0,안전,Platinum
,1,4,3,14.0,0.6931471805599453,2.25,3.0,2.0,0,1.3333333333333333,0,52.65,0.6666666666666666,0,1,1,0,0,0,0,1,0,0,1,0,0,0.0906,0,안전,Platinum
C0725,3,4,3,21.0,2.1972245773362196,1.0909090909090906,0.4999999999999999,0.24999999999999994,0,1.0,0,60.71333333333333,0.3333333333333333,0,1,1,0,0,1,0,0,0,1,0,0,0,0.0141,0,안전,Platinum
,3,6,5,19.0,2.1972245773362196,4.999999999999999,1.6249999999999996,0.4999999999999999,0,1.0,0,34.518,0.6,0,1,1,0,0,1,0,0,0,0,1,1,0,0.0121,0,안전,Platinum
,3,4,10,17.0,0.0,0.0,0.0,60.0,0,0.7142857142857143,0,29.00857142857143,0.5714285714285714,0,1,1,0,0,0,0,0,0,1,0,1,1,0.9755,1,고위험,Risk
,1,4,4,12.0,2.3978952727983707,0.9230769230769229,0.3999999999999999,0.19999999999999996,0,1.3333333333333333,0,48.376666666666665,0.3333333333333333,0,1,0,1,0,0,0,1,0,0,1,1,0,0.0082,0,안전,Platinum
C0111,1,3,10,14.0,1.3862943611198906,0.8,0.6666666666666666,0.3333333333333333,0,1.5,0,98.335,0.0,0,1,1,0,0,0,0,0,0,0,1,0,0,0.0062,0,안전,Platinum
,1,4,4,14.0,3.4011973816621555,0.28124999999999994,0.10344827586206895,0.0689655172413793,1,0.6666666666666666,0,80.0,0.3333333333333333,0,1,1,0,1,0,0,0,0,0,1,0,0,0.0,0,안전,Platinum
C0084,3,4,3,23.0,0.6931471805599453,7.5,10.0,2.0,0,0.3333333333333333,1,67.13,0.3333333333333333,0,1,1,0,0,0,0,0,0,1,0,0,1,0.8607,1,위험,Risk
,3,4,3,15.0,2.70805020110221,2.347826086956522,0.42857142857142855,0.5714285714285714,0,0.5555555555555556,0,23.21777777777778,0.6666666666666666,0,1,1,0,0,1,0,0,0,0,0,1,0,0.0601,0,안전,Platinum
,3,4,3,15.0,2.70805020110221,2.347826086956522,0.42857142857142855,0.5714285714285714,0,0.5555555555555556,0,23.21777777777778,0.4444444444444444,0,1,1,0,0,1,0,0,0,1,0,1,0,0.0455,0,안전,Platinum
,1,4,8,13.0,2.4849066497880004,1.411764705882353,0.36363636363636365,0.45454545454545453,0,0.6666666666666666,0,31.578333333333333,0.8333333333333334,0,1,1,0,0,1,0,0,0,1,0,0,0,0.0145,0,안전,Platinum
,1,4,2,19.0,1.791759469228055,1.3333333333333333,0.6,0.6,1,0.25,0,37.9875,0.75,0,0,1,0,0,0,0,1,0,1,0,1,0,0.0026,0,안전,Platinum
C0240,1,1,1,24.0,3.4339872044851463,0.7272727272727273,0.26666666666666666,0.06666666666666667,0,1.0,0,49.666666666666664,0.3333333333333333,1,0,0,1,0,1,0,0,0,1,0,1,0,1e-04,0,안전,Platinum
,3,6,3,13.0,0.6931471805599453,0.75,1.0,2.0,0,1.0,0,46.196666666666665,0.3333333333333333,0,1,0,0,0,0,0,1,0,0,1,0,1,0.9938,1,고위험,Risk
,1,3,5,21.0,2.833213344056216,0.0,0.0,0.0625,0,2.0,0,73.825,0.5,0,1,0,1,0,1,0,0,0,1,0,0,0,0.0016,0,안전,Platinum
,1,3,9,22.0,0.0,1.8181818181818181,20.0,10.0,0,2.0,0,67.985,0.0,0,1,0,1,0,0,0,1,0,0,1,1,0,0.3854,0,관심,Gold
,1,3,2,22.0,1.791759469228055,4.923076923076923,1.6,1.4,1,0.125,0,20.2025,0.625,0,0,1,0,0,1,0,0,0,1,0,1,0,0.0033,0,안전,Platinum
,1,4,3,14.0,1.3862943611198906,4.5,3.0,0.6666666666666666,0,0.6666666666666666,1,52.10333333333333,0.3333333333333333,0,1,1,0,0,0,0,1,0,0,0,0,0,0.001,0,안전,Platinum
,3,4,6,22.0,3.044522437723423,1.1739130434782608,0.45,0.1,1,0.3333333333333333,0,60.906666666666666,0.6666666666666666,0,1,0,0,0,1,0,0,0,0,1,1,0,0.0037,0,안전,Platinum
,3,5,3,15.0,2.4849066497880004,0.8571428571428572,0.36363636363636365,0.18181818181818182,0,1.3333333333333333,0,55.629999999999995,0.6666666666666666,0,1,1,0,0,1,0,0,0,1,0,1,0,0.0053,0,안전,Platinum
,1,3,2,11.0,1.6094379124341003,0.6666666666666667,0.5000000000000001,0.25000000000000006,0,2.0,0,61.129999999999995,0.5,0,0,0,1,0,0,1,0,0,1,0,1,0,0.0454,0,안전,Platinum
,1,3,5,21.0,2.302585092994046,2.7692307692307687,0.9999999999999998,0.33333333333333326,0,0.75,0,31.2975,0.5,0,1,0,1,0,0,1,0,0,0,1,1,0,0.0034,0,안전,Platinum
,1,5,4,15.0,2.70805020110221,0.6666666666666666,0.21428571428571427,0.21428571428571427,0,0.75,0,38.2725,0.25,0,1,1,0,0,0,0,1,0,0,1,1,0,0.0032,0,안전,Platinum
,1,3,10,12.0,2.8903717578961645,0.4500000000000001,0.17647058823529416,0.11764705882352944,0,1.3333333333333333,0,53.11000000000001,0.3333333333333333,0,1,1,0,0,1,0,0,0,0,1,1,0,0.0005,0,안전,Platinum
,1,2,3,14.0,2.9444389791664403,2.666666666666667,0.44444444444444453,0.44444444444444453,0,0.2222222222222222,1,16.123333333333335,0.7777777777777778,0,1,0,1,0,0,0,1,0,0,0,0,0,0.039,0,안전,Platinum
,1,4,9,14.0,2.772588722239781,0.11764705882352941,0.06666666666666668,0.06666666666666668,0,0.5,1,120.0,0.5,0,1,1,0,0,0,0,0,1,0,1,1,0,0.0047,0,안전,Platinum
,2,3,2,17.0,2.1972245773362196,0.7999999999999998,0.4999999999999999,0.12499999999999997,0,1.5,0,71.615,0.0,0,0,0,1,0,0,0,1,0,0,1,1,0,0.0084,0,안전,Platinum
C0834,1,3,5,14.0,2.70805020110221,1.4117647058823528,0.5714285714285714,0.14285714285714285,1,1.0,0,49.04333333333333,0.3333333333333333,0,1,0,1,0,0,0,1,0,0,0,0,0,0.0476,0,안전,Platinum
C0531,3,3,3,12.0,2.4849066497880004,0.3076923076923077,0.18181818181818182,0.09090909090909091,0,2.0,0,70.99,0.5,0,1,0,1,0,1,0,0,0,0,1,0,0,0.0179,0,안전,Platinum
,1,1,8,13.0,0.0,0.9090909090909091,10.0,10.0,0,2.5,0,67.12,0.0,0,1,0,1,0,0,1,0,0,0,1,1,0,0.2278,0,관심,Gold
,3,4,5,15.0,3.4011973816621555,0.6562499999999999,0.24137931034482757,0.0689655172413793,0,0.3333333333333333,1,75.79666666666667,0.3333333333333333,0,1,1,0,0,0,0,0,0,1,0,1,0,0.001,0,안전,Platinum
,1,6,10,18.0,1.3862943611198906,3.5,2.3333333333333335,0.6666666666666666,0,1.0,0,62.946666666666665,0.3333333333333333,0,1,1,0,0,1,0,0,0,1,0,1,0,0.0052,0,안전,Platinum
,3,4,5,16.0,3.4011973816621555,0.0,0.0,0.03448275862068965,0,2.5,0,76.9,0.0,0,1,1,0,0,1,0,0,0,1,0,0,0,0.0006,0,안전,Platinum
,1,4,5,20.0,3.4011973816621555,0.8437499999999999,0.31034482758620685,0.0689655172413793,1,0.6666666666666666,0,59.71666666666667,0.6666666666666666,0,1,1,0,0,1,0,0,0,0,0,1,0,0.0003,0,안전,Platinum
C0127,2,5,8,12.0,0.6931471805599453,2.25,3.0,2.0,0,0.3333333333333333,1,48.93333333333334,0.6666666666666666,0,1,0,0,0,0,0,1,0,1,0,0,1,0.6795,1,주의,Silver
,1,3,2,11.0,2.3978952727983707,3.111111111111111,0.6999999999999998,0.6999999999999998,0,0.5,0,17.42,0.125,0,0,0,1,0,0,0,1,0,1,0,0,0,0.0144,0,안전,Platinum
C0133,1,2,3,12.0,1.3862943611198906,5.384615384615384,2.3333333333333335,3.0,0,0.5,0,22.48,0.7,0,1,1,0,0,0,0,0,0,1,0,0,0,0.0024,0,안전,VIP
,1,3,5,15.0,2.5649493574615367,0.5714285714285714,0.3333333333333333,0.08333333333333333,0,0.5,1,60.485,0.5,0,1,0,0,0,0,1,0,0,1,0,1,0,0.0156,0,안전,Platinum
,1,3,4,20.0,3.332204510175204,3.9000000000000004,0.4444444444444445,0.4444444444444445,0,0.07692307692307693,1,18.46153846153846,0.07692307692307693,0,1,0,0,1,0,0,0,0,1,0,0,0,0.0007,0,안전,Platinum
,1,4,9,20.0,2.5649493574615367,0.2,0.08333333333333333,0.16666666666666666,0,1.0,0,52.68666666666667,0.3333333333333333,0,1,1,0,0,0,0,1,0,1,0,0,0,0.0007,0,안전,Platinum
,1,4,4,14.0,1.0986122886681098,3.5,3.499999999999999,0.4999999999999999,0,0.5,1,120.0,0.5,0,1,1,0,1,0,0,0,0,1,0,0,0,0.0013,0,안전,Platinum
,1,4,2,14.0,1.6094379124341003,0.0,0.0,0.25000000000000006,0,1.5,0,61.370000000000005,0.5,0,0,0,1,0,0,1,0,0,0,1,0,0,0.066,0,안전,Platinum
,1,4,7,19.0,2.9444389791664403,1.272727272727273,0.38888888888888895,0.1666666666666667,1,0.75,0,56.7725,0.25,0,1,0,0,0,0,0,0,0,0,1,1,0,0.2444,0,관심,Gold
,1,5,7,20.0,0.6931471805599453,0.8,1.0,3.0,0,1.25,0,41.995,0.25,0,1,0,0,0,1,0,0,0,0,0,1,0,0.343,0,관심,Gold
,3,4,6,12.0,2.4849066497880004,0.8571428571428572,0.36363636363636365,0.18181818181818182,1,1.0,0,73.67333333333333,0.3333333333333333,0,1,1,0,0,1,0,0,0,0,0,1,0,0.1343,0,안전,Platinum
,3,5,9,15.0,0.6931471805599453,0.75,1.0,2.0,0,0.6666666666666666,1,50.949999999999996,0.3333333333333333,0,1,0,0,0,0,0,1,0,0,1,0,1,0.9682,1,고위험,Risk
,3,4,7,12.0,1.6094379124341003,5.538461538461538,2.0000000000000004,2.0000000000000004,0,0.3333333333333333,0,21.959999999999997,0.5555555555555556,0,1,1,0,0,0,0,0,0,1,0,1,0,0.1492,0,안전,Platinum
,1,4,1,14.0,0.0,1.8181818181818181,20.0,10.0,1,1.5,0,68.65,0.0,0,0,0,1,0,0,0,1,0,0,1,1,1,0.9013,1,위험,Risk
,3,4,3,15.0,1.3862943611198906,1.5,1.0,0.6666666666666666,0,1.0,0,57.163333333333334,0.6666666666666666,0,1,0,0,0,1,0,0,0,1,0,1,0,0.0102,0,안전,Platinum
,1,3,2,15.0,2.3978952727983707,3.5555555555555554,0.7999999999999998,0.6999999999999998,0,0.375,0,24.2925,0.75,0,0,1,0,0,0,0,0,0,0,0,1,0,0.0121,0,안전,Platinum
,2,3,1,11.0,0.0,0.0,0.0,10.0,1,1.5,0,63.705,0.0,0,0,0,0,0,0,1,0,0,1,0,0,1,0.9914,1,고위험,Risk
,1,3,8,12.0,3.044522437723423,0.18181818181818182,0.1,0.05,0,1.0,1,67.1,0.5,0,1,0,1,0,0,1,0,0,0,0,1,0,0.0035,0,안전,Platinum
,1,4,5,23.0,2.772588722239781,0.16666666666666669,0.06666666666666668,0.13333333333333336,0,0.3333333333333333,1,50.94,0.3333333333333333,0,1,1,0,0,0,0,1,0,1,0,1,0,0.0026,0,안전,Platinum
,1,5,5,18.0,2.5649493574615367,0.4,0.16666666666666666,0.16666666666666666,0,1.3333333333333333,0,80.0,0.3333333333333333,0,1,1,0,0,0,0,0,0,1,0,0,0,0.0026,0,안전,Platinum
,1,3,2,12.0,2.9444389791664403,0.8000000000000002,0.44444444444444453,0.055555555555555566,0,2.0,0,72.235,0.5,0,0,0,0,0,1,0,0,0,1,0,1,0,0.0003,0,안전,Platinum
,1,4,3,18.0,2.1972245773362196,0.33333333333333326,0.12499999999999997,0.37499999999999994,1,0.75,0,40.7875,0.75,0,1,0,0,0,0,0,1,0,1,0,1,0,0.186,0,안전,Platinum
C0872,1,5,2,14.0,2.9444389791664403,0.4000000000000001,0.22222222222222227,0.055555555555555566,1,2.5,0,78.845,0.0,0,0,1,0,0,1,0,0,0,0,1,0,0,0.0026,0,안전,Platinum
C1054,1,4,3,12.0,1.3862943611198906,0.5,0.3333333333333333,0.6666666666666666,1,0.3333333333333333,0,63.74333333333333,0.6666666666666666,0,1,1,0,0,1,0,0,0,1,0,1,0,0.0388,0,안전,Platinum
,2,3,1,19.0,2.0794415416798357,0.44444444444444453,0.2857142857142858,0.1428571428571429,0,0.5,1,68.685,0.5,0,0,0,1,0,0,0,1,0,1,0,1,0,0.0043,0,안전,Platinum
,3,4,1,19.0,2.302585092994046,1.2307692307692306,0.44444444444444436,0.33333333333333326,0,0.25,1,44.11,0.75,0,0,1,0,0,0,0,0,0,1,0,0,0,0.0164,0,안전,Platinum
